0,spotify:track:7pueb0FHOYlKAJPXhVhwml
1,spotify:track:4pLwZjInHj3SimIyN9SnOz
2,spotify:track:3qmvK8QARSPkFTuKeIXSbs
3,spotify:track:5CtI0qwDJkDQGwXD1H1cLb
4,spotify:track:5TRaIECBIfSkeqkKoG6psm
5,spotify:track:7hQ0ojbeqicGhw0wdUVeaN
6,spotify:track:1p1SbqeipOd4ezKUpxqaz6
7,spotify:track:5hslUAKq9I9CG2bAulFkHN
8,spotify:track:0bYg9bo50gSsH3LtXe2SQn
9,spotify:track:0xWcxp3BFrKSsAgpGtaseK
10,spotify:track:4uoumbAMEMaKdtiv763jKz
11,spotify:track:27SdWb2rFzO6GWiYDBTD9j
12,spotify:track:4ci9l0RShM2KiE5zHIKJHg
13,spotify:track:36RTpeIUtwFkfR8w0zqLJ7
14,spotify:track:2jyjhRf6DVbMPU5zxagN2h
15,spotify:track:1L3NV7VrCiuE8C5QlhdeQL
16,spotify:track:1gaK2od5J8GX6KecOaWm4d
17,spotify:track:0nApFXPoSanA4n7j563Ind
18,spotify:track:13e6f8t7RKXuxZ0JdaaJRG
19,spotify:track:0RYXEibxMami3QuT8kn4Iz
20,spotify:track:5LXj9Ch3O9ATm1NoHT8GXn
21,spotify:track:24se9ixkhE2DG57TIvo3fQ
22,spotify:track:5MFzQMkrl1FOOng9tq6R9r
23,spotify:track:1zsG4eaZmkA1dvjDDsAGLK
24,spotify:track:4fSZ0TgFfg4wMqekZBWMpe
25,spotify:track:3EfugazgSddQvzZpkof5I4
26,spotify:track:1zayuwd1YLZsYDArkruHdL
27,spotify:track:0EhyUkKRh4olNJY0lJ9rhG
28,spotify:track:0GOJobsbOSIF99y6CGr5o6
29,spotify:track:6M0IsaUX4GNyto4niSegfI
30,spotify:track:3PGdPUMdUg7a3Tgr5gkfKK
31,spotify:track:1vvNmPOiUuyCbgWmtc6yfm
32,spotify:track:4okba5wu9mMLXx79DXLKi3
33,spotify:track:5k38wzpLb15YgncyWdTZE4
34,spotify:track:3agtg0x11wPvLIWkYR39nZ
35,spotify:track:4IWAyPf1KMq7JCyGeCjTeH
36,spotify:track:6SUocL0caib4mLHe8ZrZzi
37,spotify:track:2UwbhMie1EAYuTZ0QXeMwl
38,spotify:track:7gHs73wELdeycvS48JfIos
39,spotify:track:33XCmHpWcIEeSNBgEDi4Mx
40,spotify:track:58HUhieKJoZrOry0XGOOjV
41,spotify:track:2LPUvD5DDOO4UYGkWgjI2C
42,spotify:track:6tvQzeCPwOytDlBYCIOY0n
43,spotify:track:5PQt4MoPK7657MwEgBus9Q
44,spotify:track:4xyNG8vZR3g8FnphVkbjRo
45,spotify:track:3wdAgmnQwvK9u8YvsWyIjd
46,spotify:track:0VhkA3NAwIFfVW4NFCbAOD
47,spotify:track:456xBIOmLRoLzCvCzZrWge
48,spotify:track:0XLOf9LhyazPX9Ld8jPiUq
49,spotify:track:7m9OqQk4RVRkw9JJdeAw96
50,spotify:track:7glOi2gCjnWnX5VLXHakGX
51,spotify:track:3vgNmjuRDnGLxUFGCLkwpm
52,spotify:track:33bnxcjePIkcmNjEFTJX0l
53,spotify:track:5hc71nKsUgtwQ3z52KEKQk
54,spotify:track:4zHkiH22u64gB8fIK2QjmP
55,spotify:track:64v06aMByxJypLo1USwDVw
56,spotify:track:4cAgkb0ifwn0FSHGXnr4F6
57,spotify:track:2wDjpPW3HZdA9quPPmZAMu
58,spotify:track:7zLGHiDWd9T1Rxw4PQCb13
59,spotify:track:7eGpQgpepXm1MJ80Zhoipv
60,spotify:track:7xSv8lIdJtGMMgsMm2qk94
61,spotify:track:4ggbSF8UUSSO0wM5SockJ2
62,spotify:track:4nYsmWkuTaowTMy4gskmBw
63,spotify:track:3DkE6E3AHgbfM0iGrBr3Oo
64,spotify:track:5NNlUMcOEOdoOIwwaWXv0k
65,spotify:track:6e8l2FkkbOVUQO8YDpV5EQ
66,spotify:track:5VJ1eVOnlAlaA2mQcwmKC8
67,spotify:track:3u7AIoAXRXe1UWgqsoYz26
68,spotify:track:2SOVNLOqcyCmQAgUwwlDj0
69,spotify:track:1f2z9FHUZhYIVW8SQLE8L3
70,spotify:track:0afpbPmRHldjP59YRslQz9
71,spotify:track:2fQrGHiQOvpL9UgPvtYy6G
72,spotify:track:494OU6M7NOf4ICYb4zWCf5
73,spotify:track:2bjwRfXMk4uRgOD9IBYl9h
74,spotify:track:5uuXtfqM7Wp3idCxyHeOll
75,spotify:track:2XDhuJvvx2wcIROXbfTTYr
76,spotify:track:0OlnLZY4cmQzT6ZGttvWBM
77,spotify:track:4C5ewaZ05vyXM23jFJdwd4
78,spotify:track:6M6Tk58pQvABy6ru66dY3d
79,spotify:track:2CCfudTf3bHvtNbRmWtXHr
80,spotify:track:6oh6njZqTXlIkHDC2tjvWi
81,spotify:track:2UxfcZJCphbEkfbZ6nLiDx
82,spotify:track:0tPQPaOKM32WgMSbPCYyRH
83,spotify:track:2W7tzqjAPXG97RthXx6pNR
84,spotify:track:3XR1t5e2teHzxqEsY29D8n
85,spotify:track:0BSd5u6lQJWDoNVMuBYBiA
86,spotify:track:04DwTuZ2VBdJCCC5TROn7L
87,spotify:track:0QQNA8bZqefrGfsShzlZkb
88,spotify:track:7u2trOsaFQrFwbL9HH8tdR
89,spotify:track:4WqWOsST8tyKsUye5dvq8t
90,spotify:track:3rOSwuTsUlJp0Pu0MkN8r8
91,spotify:track:7m2g1kKuF7Tre2PzjK3Lnh
92,spotify:track:11KJSRSgaDxqydKYiD2Jew
93,spotify:track:5hcisvFMidkMJlElTO9Qmw
94,spotify:track:39sIYwLYquEkGkmRMPHkH4
95,spotify:track:3AKqrVxZMXJQCUB2B1HpUl
96,spotify:track:7BqBn9nzAq8spo5e7cZ0dJ
97,spotify:track:6Na5uKk5SsqZimk0hAWo8y
98,spotify:track:5ymVfeMK8cDew5vzntTuc7
99,spotify:track:0LeeZNbW4ysuCgd1xWo5eh
100,spotify:track:5KX51uLJYo1S1MmITG7lHD
101,spotify:track:3PEgB3fkiojxms35ntsTgs
102,spotify:track:3WHqVVRvPDWz033iPs04md
103,spotify:track:0ofbQMrRDsUaVKq2mGLEAb
104,spotify:track:3BbnFRvRRlw3JN56J5ZpUj
105,spotify:track:6QgjcU0zLnzq5OrUoSZ3OK
106,spotify:track:4nYKcVxSChmk3RvFbZjYob
107,spotify:track:07dYGGSrzPeg6a3KZjWX65
108,spotify:track:27GmP9AWRs744SzKcpJsTZ
109,spotify:track:1x5sYLZiu9r5E43kMlt9f8
110,spotify:track:0Wv5wuenRLI3BcwgT3HPIP
111,spotify:track:7LDUiraavMZ6mb8hK3mXkj
112,spotify:track:5lyikKk6KFWfWCuDDir9Fx
113,spotify:track:6mrKP2jyIQmM0rw6fQryjr
114,spotify:track:1ADjWm8QNhgNV8yCNNgQ1T
115,spotify:track:5osZJojRNuUPvAeP2ouA5t
116,spotify:track:6mICuAdrwEjh6Y6lroV2Kg
117,spotify:track:4yzoIumMyoNl7c0f1XKP3Q
118,spotify:track:6NMhHiixIYW0WLLcMZQvtJ
119,spotify:track:0Qld0SMt9XPAktXDrhDcih
120,spotify:track:5g7sDjBhZ4I3gcFIpkrLuI
121,spotify:track:62LJFaYihsdVrrkgUOJC05
122,spotify:track:2xmrfQpmS2iJExTlklLoAL
123,spotify:track:12OcamjCI9eId8bChre1b3
124,spotify:track:4lESS6vuruP6a79KWRaQou
125,spotify:track:79NlESqzFSW0hdBWgls4FX
126,spotify:track:4y1LsJpmMti1PfRQV9AWWe
127,spotify:track:1KvyBpAxgllKW7bQb0GYCR
128,spotify:track:015RPkpVsPizETsTU4csTG
129,spotify:track:0hURJYjOhE6NL72qaeQ9PK
130,spotify:track:5gcA28rUaSsEOM5g7Q5wF5
131,spotify:track:7unu7FYO8i3CVj5gXA36zr
132,spotify:track:75FDPwaULRdYDn4StFN2rT
133,spotify:track:3fJaqjV813edLN5wrxUPkc
134,spotify:track:42NpUvd0I2kdIuMXX4nobE
135,spotify:track:39IsH7B5byx8NRlEKlZVg9
136,spotify:track:1cImYkHOQMFE7AZC9aOk4y
137,spotify:track:3Ga6eKrUFf12ouh9Yw3v2D
138,spotify:track:3m660poUr1chesgkkjQM7P
139,spotify:track:7iNIg7XDEaYECfWD5dJ9Va
140,spotify:track:0a7BloCiNzLDD9qSQHh5m7
141,spotify:track:2pYvd6cHcAIMAM6xMD6nok
142,spotify:track:6B7op3kK1kFQp4Ck1UZtK5
143,spotify:track:5PU33Ua2bB2B713yGojGjr
144,spotify:track:3V9DfRoS7JfSkuTyNEsCxQ
145,spotify:track:3iwZ8hg0q1kTBB5kjg0nO4
146,spotify:track:7F9vK8hNFMml4GtHsaXui6
147,spotify:track:4iLqG9SeJSnt0cSPICSjxv
148,spotify:track:7129iqBafaphfc3WPCGC0L
149,spotify:track:3BmjRmFTESgWZLPSVGp8aG
150,spotify:track:2eP5qjSuazVvTEU3MjEu9N
151,spotify:track:1vTntttEXlVHk4uj1vtVEe
152,spotify:track:1WbXIpiGBJkCiv3hn40iPB
153,spotify:track:4Q5yMlwAfAoitqg4r9oZHN
154,spotify:track:7L673Cv2lzQJkG4eyqjG0Q
155,spotify:track:4zllcaTo2ns5PHiXfAa8jk
156,spotify:track:0L87MffumRNWrY2SNUFcvs
157,spotify:track:6VZwnDUMkAZs36g6v9MVQX
158,spotify:track:5gRKFj7zsezfKESLX10CnC
159,spotify:track:3FiE2d325mIOc4YjkSLVJR
160,spotify:track:1WP1r7fuvRqZRnUaTi2I1Q
161,spotify:track:1W1uzwzodIbtvASQk2Rpjw
162,spotify:track:2CKFFnG21nC5ssngZV8Yi5
163,spotify:track:7LABrQFfRYcZUqUwng0Heb
164,spotify:track:7my1wrfnHqssb3mtHEPWrI
165,spotify:track:62oCnK99vT8HOgwPsvXuiM
166,spotify:track:000xQL6tZNLJzIrtIgxqSl
167,spotify:track:5JHNg1hxZFT7TDEphhM4wj
168,spotify:track:12o6dxWGk29uIAP3OWY0pM
169,spotify:track:0dXNQ8dckG4eYfEtq9zcva
170,spotify:track:5EId1m4DNwTf3at31w8bPJ
171,spotify:track:0cgiShL1lhPg1LVW4qY08Q
172,spotify:track:3caMfJGFp53NAH2TuigdNj
173,spotify:track:2RttW7RAu5nOAfq6YFvApB
174,spotify:track:2H3ZUSE54pST4ubRd5FzFR
175,spotify:track:6RFJxVj9tL0Xrd3Jve4Vo4
176,spotify:track:5TmZYdHW6HJ9gt7Aokuql5
177,spotify:track:2nAAFnHiXRdWhsqoeqhhnr
178,spotify:track:13sXuI5RjMHm7dz7O3spYs
179,spotify:track:2LW4Zu7FcrwjWm3t5Rv3Oq
180,spotify:track:1EifJutqv2tG7Cwwaq2ud4
181,spotify:track:1a13lJDJfoIwl1sfjVWy4j
182,spotify:track:0sXvAOmXgjR2QUqLK1MltU
183,spotify:track:30xrIlvnK0XwqzT5UfwoxR
184,spotify:track:7nKBxz47S9SD79N086fuhn
185,spotify:track:6La6oWlGposkrgvLjjRJju
186,spotify:track:5hYTyyh2odQKphUbMqc5gN
187,spotify:track:65VT3KeGiUxgzDMwF86dL0
188,spotify:track:4PVGoQYzGo72ZdSsgy8dy4
189,spotify:track:1zv5ce0HHLD90EByNsgBfD
190,spotify:track:1Bxzw8ag71snOU9IbhXVD6
191,spotify:track:1FUViuNSldssMIawrOXF2i
192,spotify:track:1XRgIKC5TPwo7nWGyKqgG0
193,spotify:track:1xwnvVY9gHdo69PuGQkG1U
194,spotify:track:5vuiHi3QYbwcm1OKJOYnrf
195,spotify:track:25C5CowdsfXld2jJanbiex
196,spotify:track:1TK1j78jc0jcOW4fMRGePv
197,spotify:track:1F2HXIJrE2Xn81OzT2zZvW
198,spotify:track:6jizk5lOUnfpaZXYMdfeC6
199,spotify:track:1mr3616BzLdhXfJmLmRsO8
200,spotify:track:7jltqRIyxLXBDNZ1QlmnBp
201,spotify:track:2KrMF8DGJrhADg3rPtWFZy
202,spotify:track:3Vo4wInECJQuz9BIBMOu8i
203,spotify:track:0YHUITU3w6ws1v8ehT264g
204,spotify:track:77J6wE54qpAb2iGegfCVFu
205,spotify:track:00pW24Ogrp16sOxTokbJz4
206,spotify:track:3IkWmgGsXbsafrunwPojXO
207,spotify:track:0EWaUpAQtTWET3E14ye6ZV
208,spotify:track:7i2DJ88J7jQ8K7zqFX2fW8
209,spotify:track:5rxPi0MiR4miNK0rCmk980
210,spotify:track:5ndfVSDyPq90jaIUhNPeby
211,spotify:track:5JumjbpoKigvotk9JFyf3O
212,spotify:track:4C1opPFRPafp6yj4AJPBRB
213,spotify:track:0XIzUm7rwQfyy6H1CJeAs9
214,spotify:track:1ZQnV7ePl8yXoLjPfhWE5L
215,spotify:track:7EmGUiUaOSGDnUUQUDrOXC
216,spotify:track:2VjtYe7gpfUi2OkGxR2O2z
217,spotify:track:4pVGOnl9ldWoAtyWlIoVQb
218,spotify:track:3oTNeTXw2gk2y6iLUrYPO9
219,spotify:track:1PkjHpAfaGxZBRfTrYkjbs
220,spotify:track:32FX4D4eT8LFP07QvlhSn8
221,spotify:track:0nhVrTiCGiGRCoZOJiWzm1
222,spotify:track:67aeyMdt7cgb8l9zg53Pfm
223,spotify:track:1baLxALJjLKlBanXqYCU6i
224,spotify:track:1zonBRtIJCsUPoMAYAlAKN
225,spotify:track:3txjyObHLw10MqpL6PyMJ7
226,spotify:track:26hcyzSE154xMZCbFdtInA
227,spotify:track:7nY0TjOsD1BZehkZgLiOxO
228,spotify:track:683fOEDnFrDuFM9oMpuEhK
229,spotify:track:7AEV4oGvHPn1DtAE7pLCXR
230,spotify:track:72qJov9P8B5Q70VgOjmuj3
231,spotify:track:63Qco1ncI5U4qEUnxL1DsH
232,spotify:track:2LZwKxTPZLBCYjUhlogMZl
233,spotify:track:495O1Affo7AurEPQcvcr18
234,spotify:track:5Ohxk2dO5COHF1krpoPigN
235,spotify:track:0fxGA5lxrdYNYoE7yJxTNZ
236,spotify:track:69BTCYiAx89mQxV0VeR9jh
237,spotify:track:6GHVDYo6Kc1KF06YzEJJg9
238,spotify:track:6VRghJeP6I0w1KxkdWFfIh
239,spotify:track:1wjzFQodRWrPcQ0AnYnvQ9
240,spotify:track:6SznMYPQJHzr3IwsAHLId2
241,spotify:track:2TRFeXP9DIXV1gp5vFvLSD
242,spotify:track:4O9PDbnXU9SnqhPXBXYOnA
243,spotify:track:5WJBABuzrSRSVYnw3j7dqR
244,spotify:track:2snxaiyLUcVhqG4TscA7UE
245,spotify:track:6EpRaXYhGOB3fj4V2uDkMJ
246,spotify:track:4UG962ViiLqoUyx0RjCcwP
247,spotify:track:29UQV9kjexf0TJAR0UElID
248,spotify:track:7Hz6LLOVxrojLPIHJJ1S0E
249,spotify:track:7FCfMXYTIiQ9b4hDYs4Iol
250,spotify:track:5ek0O3TXqo2FX8ZUAhvt61
251,spotify:track:728zbo72kOoYdGR3AhNsyF
252,spotify:track:1YCCa9beW7JkFxflje5ERB
253,spotify:track:2vHDurkzJ8dhCzoPzqiE2C
254,spotify:track:7xE4vKvjqUTtHyJ9zi0k1q
255,spotify:track:3nAp4IvdMPPWEH9uuXFFV5
256,spotify:track:3cwDSDzTiWr5H5xMQhQ6Mx
257,spotify:track:13HVjjWUZFaWilh2QUJKsP
258,spotify:track:1PouCui4RgDYcrQVAqdYuf
259,spotify:track:02fz78B6Mo1uso0Zl41XRv
260,spotify:track:7r9ZTgy31yObGZE6ZYDlQg
261,spotify:track:6YHvmAFKRVzPA5oUZWt8X9
262,spotify:track:5u9SlTV7leZFNpE7ukfE6F
263,spotify:track:5ELRkzdzz0HvGpMDlfZHkV
264,spotify:track:4Vg5DX38XeHrWXcE22DMNg
265,spotify:track:0YVsrgp4OOUhFuYMAVQazV
266,spotify:track:5Mmk2ii6laakqfeCT7OnVD
267,spotify:track:0e3wP9rhYQ4Lgmxdh6ra9Y
268,spotify:track:5lXcSvHRVjQJ3LB2rLKQog
269,spotify:track:2a1o6ZejUi8U3wzzOtCOYw
270,spotify:track:2hIFuoXhzcZGvmdtSE35lc
271,spotify:track:3AJnpKQesAg5vJVDrhrEIA
272,spotify:track:3MzDvWYbRMAgkOFu5DhNvh
273,spotify:track:4iB718pFfVa2mEHevHsaXu
274,spotify:track:4Ro98RCK90oHqqSZUnTFq5
275,spotify:track:1lntL1cI2UIWlxjL5QiN8g
276,spotify:track:4U6BNYzKPDiMzDq84w67B0
277,spotify:track:2N2QvMYwyYHE8V4KZbbG4i
278,spotify:track:7eC5kKsTh7fwoctNBM6c3Q
279,spotify:track:4MV4wa3Dke1GMBtk06GMR0
280,spotify:track:3vcHPShfJAFP3TtAAsTHsV
281,spotify:track:7MHN1aCFtLXjownGhvEQlF
282,spotify:track:3IyPnNX142pvWx6D5CiimD
283,spotify:track:7rdUtXasA973gmrr2Xxh3E
284,spotify:track:0WqIKmW4BTrj3eJFmnCKMv
285,spotify:track:5zOnoB8FdZudDcPX4O8WqF
286,spotify:track:7DNGqrLnd07C2FPpAdn6cc
287,spotify:track:7LEydI5NfjY6mZfKwYIptZ
288,spotify:track:3KK3nLgrRdycpnYxPDVfMV
289,spotify:track:02q0ZnV2L4XByzEvWZJqBC
290,spotify:track:61HHDBLqF3AmSvLfHKNGd2
291,spotify:track:46NBoIAHrmR7qcUGCIFEjR
292,spotify:track:2nBI3iWLhupR7LyAJ5GGkE
293,spotify:track:0kN8xEmgMW9mh7UmDYHlJP
294,spotify:track:6dVa7xk5dOoT6pOkDw1TMH
295,spotify:track:3ROFgxvjni5xjdOLUSTLlq
296,spotify:track:27CUvggbN4O6ASZEsExeAi
297,spotify:track:3qGHAKgjQruzj6doKkyEb5
298,spotify:track:2DQ1ITjI0YoLFzuADN1ZBW
299,spotify:track:2Sru5y6R0mYhV9nEHMDWJ7
300,spotify:track:5dX8ECwIk0dgBTkqwPVZhc
301,spotify:track:7zgqtptZvhf8GEmdsM2vp2
302,spotify:track:4jH5WLjSoNW8t2GKjv3dn5
303,spotify:track:0o21KBZdbK4M0iY3mBwVmm
304,spotify:track:42nrX5b8ZUYRcw2puNY8tb
305,spotify:track:2lE6CIzmQvcF7Mo3z4k9cr
306,spotify:track:5KL4iZkCTZyXl7KnHgfVDj
307,spotify:track:0lLdorYw7lVrJydTINhWdI
308,spotify:track:17Fol0EIxmCYz3Q1uax4DV
309,spotify:track:2OALaHcDdKkjYEpAr0Qzab
310,spotify:track:14WWzenpaEgQZlqPq2nk4v
311,spotify:track:5mMRgTxoeBjEAZdBjPGvaC
312,spotify:track:4OEOEsOhlzDqQuewiuPJAc
313,spotify:track:7fwXWKdDNI5IutOMc5OKYw
314,spotify:track:3sJHkcxojoJD2Ytbo1yLLF
315,spotify:track:65kp3OFn7JXbCvkm3m2Ui2
316,spotify:track:76gUmNLXGQVOsGhfcshkFP
317,spotify:track:7xHWNBFm6ObGEQPaUxHuKO
318,spotify:track:4c8GOVLs54iFD5FtgPhYjA
319,spotify:track:7mkm8ry8rZEzJ9C5wQZZrY
320,spotify:track:2XW87Px99RlAkWSYYa9pPD
321,spotify:track:2FrnTVSHjgnEylKGdHRUK1
322,spotify:track:03G43mO3a34IGIsyDd4sj5
323,spotify:track:1vVNlXi8gf8tZ7OhnEs4VE
324,spotify:track:0B48113ZG9UfkWWt7qD9xX
325,spotify:track:3HwyNPs2e1iaD9slrimZ2Q
326,spotify:track:5XiZK7m9PLppgIzJBpw2x5
327,spotify:track:2ZyuwVvV6Z3XJaXIFbspeE
328,spotify:track:4B1rpPmQXwj78wk6aIGwwU
329,spotify:track:43RG7aUiRDmfc8q2vQfiFc
330,spotify:track:1GYC2YPKDsSQnEkaYdreeT
331,spotify:track:02WacdrRpm4zlP8H7X6bnQ
332,spotify:track:5kXCVnfbxfq5nKjAVvj3no
333,spotify:track:152lZdxL1OR0ZMW6KquMif
334,spotify:track:3xxa9QfzuEzuenGrhHsnTP
335,spotify:track:2Kouu3rnDZ5ZVqWtPEAsGo
336,spotify:track:4I39irD0xSyfRA099AsWow
337,spotify:track:0HEmnAUT8PHznIAAmVXqFJ
338,spotify:track:0gQZt3XejpmgwOjy4Lv7NQ
339,spotify:track:6yjjLcsfNqubWe5ecdTrd8
340,spotify:track:28KYBZXnvRk560ty8mdVIQ
341,spotify:track:7abpmGpF7PGep2rDU68GBR
342,spotify:track:47OVNnZJzIkrsEiZ4n187p
343,spotify:track:34t13rSSZtr22CjcmroMmh
344,spotify:track:4vy9kO8VN6pdmYTh2vV7EP
345,spotify:track:4sFbojhVXQv7dBC9PVCcRn
346,spotify:track:2fGxYYMQbVqgIdaqfz2OwA
347,spotify:track:43ay9lQZ5rfNcOOHhRF2cM
348,spotify:track:1ixphys4A3NEXp6MDScfih
349,spotify:track:6NoVGd3nTHsmBV1yduWRta
350,spotify:track:2ekn2ttSfGqwhhate0LSR0
351,spotify:track:3mkJigBxWd5DJUsRuwHG3f
352,spotify:track:3IkACj2ZEsmDLzhQNBW2XH
353,spotify:track:0U1bWpYC5uiUDX9ALasOvA
354,spotify:track:6KjbNLbRjuoa8rEq5yNA6H
355,spotify:track:3yg5lNA7zHQ0C7PP4OK4qo
356,spotify:track:3AFPGvRzeKeNJbIbLwcz4G
357,spotify:track:2HDacpEddhWjYTcADPIEQL
358,spotify:track:4YwbSZaYeYja8Umyt222Qf
359,spotify:track:2xbI8Vmyv3TkpTdywpPyNw
360,spotify:track:0HBU6FVLPLj01BCS7Jw3jl
361,spotify:track:7lwYNEUrDP4thCD6nQ4nBv
362,spotify:track:6ZOBP3NvffbU4SZcrnt1k6
363,spotify:track:2ZYVlxenokw8vF5Mnf4B7K
364,spotify:track:4wdZdkEugVVorAfzqRqC6N
365,spotify:track:2PcREcTtGiNTUCM4g2Qg4Z
366,spotify:track:5DA77EqppDmCTWGovd4oTP
367,spotify:track:5PIBgH1cUFwu5IiUk9tnN9
368,spotify:track:3slBHvoQcO8HjscbP2QKk5
369,spotify:track:0Ws8D3EWUDgY962Xftb0h5
370,spotify:track:2z4pcBLQXF2BXKFvd0BuB6
371,spotify:track:4STCTQ1h0VuWfvDyhGOxkv
372,spotify:track:4Ju3eLAfkGE41pVuMbzoWz
373,spotify:track:51PIvodunv6NmX5250zxAh
374,spotify:track:7vu0JkJh0ldukEYbTVcqd0
375,spotify:track:50msFiNJjsBfECIXyPMYxG
376,spotify:track:0OMt4Qyetdbw2eUEvKBdHH
377,spotify:track:36JI0KHc591i9liHaFqDFG
378,spotify:track:7EyvmcYx7WzeBi2cY9RmIi
379,spotify:track:3nWzRkoCa44adZZ00li9sF
380,spotify:track:6R0GRYk2vs2XuBVemYK5YZ
381,spotify:track:2rozzUGTRWqhTa2NzJAl8I
382,spotify:track:0qYTZCo5Bwh1nsUFGZP3zn
383,spotify:track:0lc70Jh2s1iOMuv9XIEhFy
384,spotify:track:0dA2Mk56wEzDgegdC6R17g
385,spotify:track:6sKAs2tdtTVTO2U0IgJAur
386,spotify:track:60W52880gVgufB5dC3KQvF
387,spotify:track:6fxVffaTuwjgEk5h9QyRjy
388,spotify:track:3B54sVLJ402zGa6Xm4YGNe
389,spotify:track:3ryjLm3oupIjJFGc39naNi
390,spotify:track:4Luzip43JUNRDJJR7l8bdb
391,spotify:track:62QGNJveZfFHO5VbtSWvYB
392,spotify:track:3VOtM6x5KXZuxSzHaaf9oO
393,spotify:track:6n8TMVyFKoUmDc4apxceRD
394,spotify:track:6IZvVAP7VPPnsGX6bvgkqg
395,spotify:track:4112T3lOi4mSSzOIi5BDwZ
396,spotify:track:4tCtwWceOPWzenK2HAIJSb
397,spotify:track:1BB9hv4471pPlNqOAnDglV
398,spotify:track:2aibwv5hGXSgw7Yru8IYTO
399,spotify:track:5tz69p7tJuGPeMGwNTxYuV
400,spotify:track:3OkFyfE2CGRfc4MqwAKdgi
401,spotify:track:5q5gzmbBS5yQzos2BvVr1t
402,spotify:track:0wJJhRgdHhT93Z3iWdMB0T
403,spotify:track:0GVuLQtPXFaL18ijEOqoAa
404,spotify:track:3gfmFoJgmn9LiIj5mV8oSS
405,spotify:track:4rpXhAsUczXLEQ3o3LIHOZ
406,spotify:track:5E5MqaS6eOsbaJibl3YeMZ
407,spotify:track:0KKkJNfGyhkQ5aFogxQAPU
408,spotify:track:75gU1E0ou9Kf8GBVwGs1Xk
409,spotify:track:0jVPEBd4wyHupkTHwzQRyc
410,spotify:track:3zHq9ouUJQFQRf3cm1rRLu
411,spotify:track:4PpuH4mxL0rD35mOWaLoKS
412,spotify:track:0JOUrhZGMCx3lk9VosAQWl
413,spotify:track:0eMPVm2NOd9WZWKotrQAal
414,spotify:track:27PmvZoffODNFW2p7ehZTQ
415,spotify:track:69bp2EbF7Q2rqc5N3ylezZ
416,spotify:track:3AqwdLkl62kRTE8TwXxeIM
417,spotify:track:6Ehy8wRUYjAZcMMRCxMZVM
418,spotify:track:6CfrYuD3YRDYdYvH9jNtXY
419,spotify:track:3xKsf9qdS1CyvXSMEid6g8
420,spotify:track:1X1ZAbYE69BjZO5IqnluhB
421,spotify:track:0BiGd2FNDQ0eh79ZHfp6tS
422,spotify:track:5p9ufaI7TwrlXtmiKCz3q3
423,spotify:track:7mldq42yDuxiUNn08nvzHO
424,spotify:track:3SqvR3HYLlCTYzbDXJ52OC
425,spotify:track:5dXdy6YR6lxxC3GxBZcRWv
426,spotify:track:4eP9Et7gkdPf6eeCRNal75
427,spotify:track:5nq1uTNIR1cBR72T87viS0
428,spotify:track:4Km5HrUvYTaSUfiSGPJeQR
429,spotify:track:2SYa5Lx1uoCvyDIW4oee9b
430,spotify:track:1D3ODoXHBLpdxolZRHWV1j
431,spotify:track:7ccz9p1ErD6Kq5ZSQmyvLm
432,spotify:track:4hXAK3mjFVFOOiJQ3rKAXi
433,spotify:track:0lMbuWUpfTWhEmOKxppEau
434,spotify:track:7LAhKXDNWwq3CmnFP3UIOP
435,spotify:track:3whrwq4DtvucphBPUogRuJ
436,spotify:track:0FDzzruyVECATHXKHFs9eJ
437,spotify:track:1UZOjK1BwmwWU14Erba9CZ
438,spotify:track:67fRHOlaYQQFG67D9DkdnW
439,spotify:track:2qFT2tvTY8ZsBZLeaFeEB3
440,spotify:track:0B8B8cVRFIG1yznoQe7c9s
441,spotify:track:0dJhKHDhqu1QYWfMy54G3F
442,spotify:track:6NFyWDv5CjfwuzoCkw47Xf
443,spotify:track:6a1hzBiTkgqTsDA0Xgfh9z
444,spotify:track:4Yf5bqU3NK4kNOypcrLYwU
445,spotify:track:6DLY67kmIKLI4k9ZGJLsIF
446,spotify:track:3qyeNnFY67zX6VmmIbzPsL
447,spotify:track:1xwOFILE3NSOydjlway2VA
448,spotify:track:41kE0bBBpwPUZEZKxSIROh
449,spotify:track:3TRFq09DUgYj1mug6RRqJW
450,spotify:track:70rYp3dhUBTz9Da3OgmlA1
451,spotify:track:1i0icYLUfMDAOGaTTN5aBu
452,spotify:track:7AQim7LbvFVZJE3O8TYgf2
453,spotify:track:2lDCU2DqTOkZp5O6fivJPX
454,spotify:track:6IeK3Ap5m3HabwJxgI6eSE
455,spotify:track:0OVhQZkNe7lh0fQeH96EFW
456,spotify:track:6lanRgr6wXibZr8KgzXxBl
457,spotify:track:595g9radEgBTFMgAh09La8
458,spotify:track:468Jl0mOuztlhQDKMhO8Rq
459,spotify:track:1XIq3VURXVMtjlOocIciAj
460,spotify:track:7kCEiaplcEUidN0FJeT9XV
461,spotify:track:7qs2GAglLWfxEfmO8u2u0A
462,spotify:track:0ZoHHROTzwIYeNAHRPedTY
463,spotify:track:5rAxhWcgFng3s570sGO2F8
464,spotify:track:5Z3GHaZ6ec9bsiI5BenrbY
465,spotify:track:4K1vOdIFqskQv3zoI0FdAk
466,spotify:track:550rQQCGkrTzvp4SfpOPzx
467,spotify:track:35QZaWQRkmnAVqBF1TLCxQ
468,spotify:track:4bU7syO13ky3ZGJRSXg64S
469,spotify:track:3dJj6o9o1fRgrojWjailuz
470,spotify:track:1tp1xMJ1uaOktksskS0Fzs
471,spotify:track:4d75stQ2jRfq8lzaqhFFKs
472,spotify:track:0QjewL57d6QobAvn1JoQd9
473,spotify:track:46HdsiK0uR26B2dY9QPzda
474,spotify:track:3O7p9Itz8PXUoAjD2vmuM6
475,spotify:track:4TjJKRHSQSoYd5I2YZpYKB
476,spotify:track:5ud4C9PMcwOUnkk4AVE25V
477,spotify:track:1hhJ1XSIvrgzluHV14c9NN
478,spotify:track:0sI6yJ0MK7U7VZAjlh1JwY
479,spotify:track:7yYOMPwpV5CsK0cxoAZT6B
480,spotify:track:343YBumqHu19cGoGARUTsd
481,spotify:track:6vxHp3CDNo0afgKGp2yi1E
482,spotify:track:40BLjs2r1ccJrZfsjezsbu
483,spotify:track:70cTMpcgWMcR18t9MRJFjB
484,spotify:track:7A3rNO7cmVKM3boOmIBwtj
485,spotify:track:3FaqBbYj8arTCdhVABY8mB
486,spotify:track:7inXu0Eaeg02VsM8kHNvzM
487,spotify:track:4ieWnZxkolHTJcintQuCj5
488,spotify:track:3xmfi7nXVWFFN706CBTAyP
489,spotify:track:6C7RJEIUDqKkJRZVWdkfkH
490,spotify:track:6u0EAxf1OJTLS7CvInuNd7
491,spotify:track:6NWl2m8asvH83xjuXVNsuG
492,spotify:track:4JrF3Jt4deLIJPwlbsZCyv
493,spotify:track:4USHZ3omhEBGjHLD9BIJYs
494,spotify:track:2ytH5wDuqhgLTiDVYioteq
495,spotify:track:5EnYT6F7wEcdege6mDHEfO
496,spotify:track:2bJvI42r8EF3wxjOuDav4r
497,spotify:track:0xj6N7cZjyR1J3JOyM12gF
498,spotify:track:6sDQ4uiWw9OdVrCXFLSlZt
499,spotify:track:0prNGof3XqfTvNDxHonvdK
500,spotify:track:7eTkIKmFgeb9MQmkTC2jCi
501,spotify:track:2OggiWqL8exckT6kOrcDuA
502,spotify:track:32OWobmyAz8J2qA8iWekyS
503,spotify:track:4xjjK4bVq0EUMAuMXoBBVA
504,spotify:track:1oNtIPC2XBWpE7A1x9YjQi
505,spotify:track:3FDrI0FLKzrYQiWxPhqV2W
506,spotify:track:2hPLfPxvRUfXKNGD3VcJnT
507,spotify:track:7ruaJ8big0EWR4EWtO0Zbl
508,spotify:track:65Q2mv3UlVi9eO70OpsmSe
509,spotify:track:5Htb1uFQ1KrkFXlefS8oGj
510,spotify:track:6FcQD1qOpqV8NdhY45sKyI
511,spotify:track:5wYLW17fs9JOolzR2W3AmM
512,spotify:track:5WNYg3usc6H8N3MBEp4zVk
513,spotify:track:3AEZUABDXNtecAOSC1qTfo
514,spotify:track:5yjEDJNnBbHU3TLAiPvwJs
515,spotify:track:0W363qrIc4GwuwOqa0WAEO
516,spotify:track:3cfOd4CMv2snFaKAnMdnvK
517,spotify:track:7f0OQD12uYSId1zXK3RRI1
518,spotify:track:6uFsE1JgZ20EXyU0JQZbUR
519,spotify:track:6fujklziTHa8uoM5OQSfIo
520,spotify:track:0ZEhlT9v8CdOKu55zhYGv9
521,spotify:track:7Kq16WtEJzdRSNQgdXsn7Y
522,spotify:track:2VRssqds7rRNb4eaG9FaY8
523,spotify:track:4zNk347FJz4yDDcjUhJJMI
524,spotify:track:7N118VYdB5NbtnDhsmmndA
525,spotify:track:2Ny6TS3vPVwx5PlJXXkLUW
526,spotify:track:3HtQE58Fru1nYw5ulAJECs
527,spotify:track:7aiVBCp1ibIWE5GeHkbtxr
528,spotify:track:3ebXMykcMXOcLeJ9xZ17XH
529,spotify:track:2Gl0FzuLxflY6nPifJp5Dr
530,spotify:track:6OuV4vfyb8v3vGGGksqyKf
531,spotify:track:69MuDgCcfrYvnxkxFJ0pEN
532,spotify:track:2S6XaXkxQbmtWTwmHeQwIh
533,spotify:track:6F0fXw4G0dqRWJnvWPZM67
534,spotify:track:31MkGwj0SWgZaTvEt5Hgxv
535,spotify:track:0QsvXIfqM0zZoerQfsI9lm
536,spotify:track:5ommnX8qOlbjRspCEFkn57
537,spotify:track:0BCPKOYdS2jbQ8iyB56Zns
538,spotify:track:7iV733e1KacKrFRaBNxVEf
539,spotify:track:0or0gNaKAXYYCsOrpvRzAu
540,spotify:track:3a1lNhkSLSkpJE4MSHpDu9
541,spotify:track:4LwpgaZ3Anb5JAfdm8Ad7H
542,spotify:track:5xGH4fqJwvMynXn3dcmbpr
543,spotify:track:5edBgVtRD0fvWk140Sl21T
544,spotify:track:6f8b6mxNNDJdE5tC4MCTxt
545,spotify:track:7tr2za8SQg2CI8EDgrdtNl
546,spotify:track:4hiUYb2nb6NlfTP9CD38Pe
547,spotify:track:1j4kHkkpqZRBwE0A4CN4Yv
548,spotify:track:4BHzQ9C00ceJxfG16AlNWb
549,spotify:track:1Q1Lz8shbr2AXR8zKReTqd
550,spotify:track:5P45FGGEl99tHmKx6RaP9C
551,spotify:track:00cbRAOr6wTPE9WBMejhiM
552,spotify:track:2Btu40NVlYwZJ4kiPW5aYu
553,spotify:track:1ZeDWXJnkZOLOmbGEOPSMe
554,spotify:track:2uQl5yUZ0rKuXV0DmndNsw
555,spotify:track:1sXUWdKx03aP9Gmzft58rt
556,spotify:track:6OZh916QF8XNunWaP97WEZ
557,spotify:track:2I1dZfAe4mgC3WtKWpgKAo
558,spotify:track:5z1oKKZ3Zc6ruukaTfDxNN
559,spotify:track:7KOlJ92bu51cltsD9KU5I7
560,spotify:track:6PGoSes0D9eUDeeAafB2As
561,spotify:track:09S64DUkxIX9EwIaULu6yN
562,spotify:track:3eR23VReFzcdmS7TYCrhCe
563,spotify:track:7gZQfdEQpmwAoPHSbEHzms
564,spotify:track:7w87IxuO7BDcJ3YUqCyMTT
565,spotify:track:28irpKCCK9nn9DZSik2zEx
566,spotify:track:0L7loeTIg6akW84aEQZpCT
567,spotify:track:0xLCa6dp0wmDUhkDGKzDpv
568,spotify:track:3hB5DgAiMAQ4DzYbsMq1IT
569,spotify:track:3GzzvKNewQi4v5vHf6y5rK
570,spotify:track:6XSYMtvkAuRdnQm0F7i3Bq
571,spotify:track:7JZP7kQsuFFWOrtAI7uNiW
572,spotify:track:4gqMQftUs22F8pOGVn5Acr
573,spotify:track:4dqysiyUKqZLWnMXmjMXN8
574,spotify:track:0fg8CqpjdojMyXLNzM2PaJ
575,spotify:track:4HmdjeoaTqjb0NmNXvXr3t
576,spotify:track:34isqXjbTstbYwl2MfdzDq
577,spotify:track:2OQIe5l7CJD8cys3MDJuEo
578,spotify:track:7dIR2ZUuZ3Y3B8rjAusujc
579,spotify:track:0g02kBdq3iWI4HNArqEgBe
580,spotify:track:6kex4EBAj0WHXDKZMEJaaF
581,spotify:track:5kde3lf0Dm5Epkb1R8hEhI
582,spotify:track:43hDboyy6vJ6z2Jx5sHnCF
583,spotify:track:1KTu92zFjElqc3h20XCwE3
584,spotify:track:6GifecgpowoFIJCJCBtR8l
585,spotify:track:53mrVsi49rLHIaKBiSvElG
586,spotify:track:7wBrglFVTNCcW6IhdgBkm1
587,spotify:track:4b4KcovePX8Ke2cLIQTLM0
588,spotify:track:1ZyQGXH9dZ4AecevHhKUxi
589,spotify:track:5p3NP9mQblDsVJLdfNZJ3I
590,spotify:track:5q9stUg2W38X9PyzgIOdhH
591,spotify:track:5L0ueAS6Ohwi2GEsw7a0Hn
592,spotify:track:15dnkAHcHC0vrIUlbiPiqU
593,spotify:track:2xt2piJx6jlFkjS77YiqpL
594,spotify:track:06R0AVKrZM91OJf1ubm80d
595,spotify:track:3T7dNA7O8c3Axj5WyDNcH3
596,spotify:track:6g1NlCpW7fgqDnWbCCDrHl
597,spotify:track:5TysCiZtv1HnSWcTcUFusI
598,spotify:track:6JV2JOEocMgcZxYSZelKcc
599,spotify:track:0BJwrbkZKf7KwlwBOJbD8i
600,spotify:track:19WjVVgXjdKXfLXoaDPwTM
601,spotify:track:7yyRTcZmCiyzzJlNzGC9Ol
602,spotify:track:7bJwvubZZaoGE1AGEfu8Fi
603,spotify:track:56RVUAFH9NF8zhTZ5A9KVF
604,spotify:track:69f1steoIMhN1skPkBR6rB
605,spotify:track:6zOTeFx7PVMWWoew9WKqft
606,spotify:track:0ToVWEmfWEb0vxGCucbMKb
607,spotify:track:2AUvXXgYuNFJMCPdhxONfa
608,spotify:track:1cOyWWUr3oXJIxY0AjJEx9
609,spotify:track:4rwqrKdwlFWJ6LvPYaOtgn
610,spotify:track:6sjGsKuInpaK3uoaWGe22W
611,spotify:track:4E5h59QIoN0vhfeEPMFTZw
612,spotify:track:14EgW52HVqnLHd30bgbPxg
613,spotify:track:3abKAw6reL2U3vhAe98ZsY
614,spotify:track:05KOgYg8PGeJyyWBPi5ja8
615,spotify:track:5JUu0unA8VwhTZ9LkMWUVI
616,spotify:track:4kfm1uI9QGaoN9qm6CkAMn
617,spotify:track:5Ua3GXyHwiSfpNTMjq6m2z
618,spotify:track:7lWjzmBYNBt3OFA4ufUyPV
619,spotify:track:1iEwyiSLAunPR6uouANE0O
620,spotify:track:0dj1CtyRxZ4bnIT4Q20jNT
621,spotify:track:5u6vkDnOyaf8LsteDAj2ub
622,spotify:track:0NiXXAI876aGImAd6rTj8w
623,spotify:track:2EoOZnxNgtmZaD8uUmz2nD
624,spotify:track:3pzwWCaAlNbYrZSECmetFp
625,spotify:track:3zxrecYFao03IrrcyFiaMU
626,spotify:track:5Db9VIdDsN5yu3Eu7CT0i4
627,spotify:track:4EDV8s0WpNfW2wIU7wElLQ
628,spotify:track:3g7SvCfzTu23cZpKwcEVKq
629,spotify:track:7BKLCZ1jbUBVqRi2FVlTVw
630,spotify:track:0VJYhKhrHgJ7fgjGaC2k07
631,spotify:track:5OOkp4U9P9oL23maHFHL1h
632,spotify:track:1sTUEdVO85YU8Ymk2jeAls
633,spotify:track:2eOleVJlGvBE027wpnYt2H
634,spotify:track:2svutFGaCycRmYc1mWbfQh
635,spotify:track:7tx0NDsCViutjOyd1c4A28
636,spotify:track:2WfaOiMkCvy7F5fcp2zZ8L
637,spotify:track:1R17cgUv6HeQFa78dzqb7s
638,spotify:track:7oDTApxHeWzTQOR7GPPxw4
639,spotify:track:67M8Sg4R7bEidOf0cag0Ld
640,spotify:track:0n9lX8fTGbGMencldWHGuv
641,spotify:track:5i66xrvSh1MjjyDd6zcwgj
642,spotify:track:2NHSYwGkAvPHzCinY0KwXo
643,spotify:track:079gLi9aLvk79QNv3ovswu
644,spotify:track:0k2GOhqsrxDTAbFFSdNJjT
645,spotify:track:3rq5w4bQGigXOfdN30ATJt
646,spotify:track:5DAjrJqXqYtgr67pVhmUeR
647,spotify:track:65MOTX6uSFAnqXl7dlAuId
648,spotify:track:3RGu8I21FfgSTTNG1tgPJo
649,spotify:track:3ojTJaonfkL96iIWa47SU3
650,spotify:track:0JdKraw5FJpJv0MxK61QET
651,spotify:track:30h5dyVGfjoqFNBmSiS4UG
652,spotify:track:43epYqKC8pSomHmxLLCPEY
653,spotify:track:5TvE3pk05pyFIGdSY9j4DJ
654,spotify:track:2091VoRuYGLceKmindxKbH
655,spotify:track:43it4kot08akLzFIEMhXNN
656,spotify:track:2habSXqcJGExM6JJyskY7O
657,spotify:track:6tjituizSxwSmBB5vtgHZE
658,spotify:track:0FuTx2s3YH1ppmtiM6l0zI
659,spotify:track:73Xse6b8JTjZaflERxKyCc
660,spotify:track:2tn9zXqIZJbgL1swqwOktz
661,spotify:track:5rnFOEEIBIWZ6dhHrY6zHh
662,spotify:track:7k3SjypJ8lF9WWu8Op0We0
663,spotify:track:4QeBlVCl2KzUEcQZiuskRd
664,spotify:track:3ibRxEv4KkcU9e259eyNJA
665,spotify:track:4VrWlk8IQxevMvERoX08iC
666,spotify:track:0OI7AFifLSoGzpb8bdBLLV
667,spotify:track:4sr6EQNb6yYKCY4LL35XrV
668,spotify:track:1Vej0qeQ3ioKwpI6FUbRv1
669,spotify:track:5Nxu5p2mAwMdpCGMuuSWnz
670,spotify:track:7noz6lydFxH30fneHwKMvp
671,spotify:track:6i0V12jOa3mr6uu4WYhUBr
672,spotify:track:66LhCsc06aTa2Ig7iYPDSP
673,spotify:track:5XtO4cCXIbQMjIJrqEzOfK
674,spotify:track:6ariFR8E7Z4WhjS6riI1Yi
675,spotify:track:2vo99E3hn9FtSmkkry71II
676,spotify:track:4CTjql34LKCJy5WOSgEhvA
677,spotify:track:0DiWol3AO6WpXZgp0goxAV
678,spotify:track:7KhBQ6XFeAGrQzyT28MWvP
679,spotify:track:2e6L8mAClebcUmNi1HkyyP
680,spotify:track:1Je1IMUlBXcx1Fz0WE7oPT
681,spotify:track:3d1pq5YK7a79vV2SYwCAqG
682,spotify:track:5XQMr19TL7Mfksq9zihbOu
683,spotify:track:5QpaGzWp0hwB5faV8dkbAz
684,spotify:track:1yNyoWWWikbLhwIGWjZuDW
685,spotify:track:4v29A51TqtD2KFSskXai0X
686,spotify:track:0zCfmceT1YvtZXGbR6Roht
687,spotify:track:4hgbz1Hzwpu0zQjcDiZfHa
688,spotify:track:2Z8WuEywRWYTKe1NybPQEW
689,spotify:track:3YnOEMNkFgxivVVBrPciDR
690,spotify:track:7iDa6hUg2VgEL1o1HjmfBn
691,spotify:track:72i5s3SBDEkaRUOgUTlkfO
692,spotify:track:4WN9xLkAeINLPLaoeZ9ZW9
693,spotify:track:7AiLSNuwIyeaqrHeT2RptO
694,spotify:track:45MUoiWHeBc8DCbIWY0Rw6
695,spotify:track:0RFFFGtPn6a58RHY3ccVYX
696,spotify:track:2mfUa8bLs2s5N4VaqJZ4lZ
697,spotify:track:0uuEqOyKlABOB7hzWKcEeG
698,spotify:track:5HABnFSYvl6mTmg8nSdzHa
699,spotify:track:7o9uu2GDtVDr9nsR7ZRN73
700,spotify:track:66QK2ov3jneXmdquV0JpZ1
701,spotify:track:7gVsaKhgtMrbs9rrZVCxYU
702,spotify:track:1OXglmeAng5wDKDj769wQz
703,spotify:track:60a0Rd6pjrkxjPbaKzXjfq
704,spotify:track:3zl7j5ua8mF4JDYuxrfo01
705,spotify:track:16pwlVsypm4aDKMhXdOuXg
706,spotify:track:7EEYVAqbZWNh4nKUUoCUMQ
707,spotify:track:4JmgbZqnfpQ4pn2OKHgSJb
708,spotify:track:3VTNVsTTu05dmTsVFrmGpK
709,spotify:track:6eIygPhGcBFKKcxlGTJlY0
710,spotify:track:0Ie5uiv54KgCr7P4sYDTHl
711,spotify:track:7oVEtyuv9NBmnytsCIsY5I
712,spotify:track:5ASM6Qjiav2xPe7gRkQMsQ
713,spotify:track:7MMRoGvm7uhoUVhGvHJ3yW
714,spotify:track:0UeYCHOETPfai02uskjJ3x
715,spotify:track:05X6aMCQR09E6smUmw9qms
716,spotify:track:7lQ8MOhq6IN2w8EYcFNSUk
717,spotify:track:4RgoqOBE34Q6zZj8K7RUAx
718,spotify:track:6iHkZiRJcULoqasbboOgig
719,spotify:track:3OEer2dQj1eWhSqxatGiru
720,spotify:track:2Fs3jrnxAnPsiKmD3b37FE
721,spotify:track:3CE1HoJJ0FVKo7JHsWIuvC
722,spotify:track:66kQ7wr4d2LwwSjr7HXcyr
723,spotify:track:7JhTr0G0gr3ESY3B9uqPi4
724,spotify:track:0NXbteSHrnUtx0WJjjWpR9
725,spotify:track:0gb1J5UrTpzaU1s3nupgCd
726,spotify:track:7bXkPPbptj2Nt5JUYlHbQv
727,spotify:track:3BgvCj5oUc8jpL8YCB9y8S
728,spotify:track:0PGt0IZBKa2dqplgnuVyV9
729,spotify:track:7y4JznkAv2W3IKw9T1o2VK
730,spotify:track:6pyzBTIjcO2AMkKE6x2Otb
731,spotify:track:5kRPPEWFJIMox5qIkQkiz5
732,spotify:track:5uCax9HTNlzGybIStD3vDh
733,spotify:track:3pHVw07mE2qW49MjcaFtzZ
734,spotify:track:64GRDrL1efgXclrhVCeuA0
735,spotify:track:6r2BFEIErNwG0owW4rOQB8
736,spotify:track:0jdny0dhgjUwoIp5GkqEaA
737,spotify:track:2LTlO3NuNVN70lp2ZbVswF
738,spotify:track:57rK1NeRR8bDI32Y4Smzsp
739,spotify:track:5v9N8Rx3QsFvr50cxyQcA3
740,spotify:track:4mYQqRAN5xTubTvZybrWFm
741,spotify:track:6Zb2c4lkhi8wZGz0ElLmte
742,spotify:track:3WR3mQ8SDjJgxbdOFrqfca
743,spotify:track:5jVhbZ3QybBB0tdwOpJZ4R
744,spotify:track:6pVW5LRWgeLaHudxauOTJU
745,spotify:track:6Mer1LOfJDd7vUbeWXODrq
746,spotify:track:6ju3FaV3aVLzGzwERKZuFK
747,spotify:track:6IcrwGdIvRsrImOnoYfG9Z
748,spotify:track:0lvEHeYsJbxcKKQzg9V5Zz
749,spotify:track:3CRDbSIZ4r5MsZ0YwxuEkn
750,spotify:track:3lIxtCaROdRDuTnNBDm3n2
751,spotify:track:1soqQ9EVU2dZ8LF2yFEpsO
752,spotify:track:4EgXFHCpStvqyh2GEyjCih
753,spotify:track:772io14jrMTxGJbijtDccQ
754,spotify:track:1cG0umU5TKStygKsPFZ9pY
755,spotify:track:0tICYNayWWhH9GPeFrfjfD
756,spotify:track:3nbtUeypf5UJvxBNA9KCJD
757,spotify:track:3bWZoAaUDrLk0yLthtKSbl
758,spotify:track:3bp5fh0qPmCqC5PWEewFkm
759,spotify:track:4svZDCRz4cJoneBpjpx8DJ
760,spotify:track:02FKjeU8CrA2ckppBa5RJg
761,spotify:track:73VrGWg4I2DJiWXtbseyiG
762,spotify:track:4LeP389CNcbrQX8ZECZlPw
763,spotify:track:1Y6a3QXvOQ9HC7fqUqwTwU
764,spotify:track:1mKXFLRA179hdOWQBwUk9e
765,spotify:track:19Ggp86mkEnRw93u91IJPO
766,spotify:track:72jbDTw1piOOj770jWNeaG
767,spotify:track:6HZILIRieu8S0iqY8kIKhj
768,spotify:track:2Vhd5uZB4brKHmM0MNxkZo
769,spotify:track:4CBGedl3oGI6BkLr1v294h
770,spotify:track:1Xp8MKmfoFDib6dHM6JF53
771,spotify:track:0EpFfFZpCuqYFzHvxOtrZS
772,spotify:track:0a9b4sUavOWgyc9jeScv7Y
773,spotify:track:3ZiuxcBeRanTjfHzVBuuQe
774,spotify:track:5AE9iVHWiJLY5CUKmvXkKd
775,spotify:track:498YWgZPJWIA4lphXtCNma
776,spotify:track:4xBjsLUSjcx2h7PcRikpQp
777,spotify:track:4NJpJ17Dgm5r4OYExFbxLk
778,spotify:track:046V5BNnY8IRvy9byXKSxq
779,spotify:track:0tgVpDi06FyKpA1z0VMD4v
780,spotify:track:5mCPDVBb16L4XQwDdbRUpz
781,spotify:track:1P17dC1amhFzptugyAO7Il
782,spotify:track:6FpjY7iSwJVrDqUz3EbZj7
783,spotify:track:0CcQNd8CINkwQfe1RDtGV6
784,spotify:track:1gVgkQFOKa8Wc1HYsJtPdH
785,spotify:track:75otNO0cdT9qt9tg6aclMu
786,spotify:track:09aaq7feVx9Jykdw0f00QU
787,spotify:track:5o4yGlG0PfeVUa6ClIyOxq
788,spotify:track:6ZaNMjFdBnpEXLflgQIHl8
789,spotify:track:5kdTuoKeqdnblCop75wMuX
790,spotify:track:3n58u3LOFw8mITLvfPvQBz
791,spotify:track:2nY6MRHWpW0AGXMoGDJOjX
792,spotify:track:4c2W3VKsOFoIg2SFaO6DY5
793,spotify:track:0vwd2PdzIUfVJvQAv2Aai0
794,spotify:track:4OaTpLJIa2harufGxfOPUu
795,spotify:track:6W6ijKiufUsBBcgJPKis6T
796,spotify:track:6riQuAkwS7qaOLkcCnyiJ4
797,spotify:track:5r011NB07RHjABbuVGVIbd
798,spotify:track:2hqycTvN1LuEOaiHvTjMBf
799,spotify:track:2nvC4i2aMo4CzRjRflysah
800,spotify:track:3YU6vJbjYUG0tiJyXf9x5V
801,spotify:track:4AFgK4wP1iD5i8BYaLr9Vf
802,spotify:track:5aAx2yezTd8zXrkmtKl66Z
803,spotify:track:5vZfgeDfNhlkKeJqjzSAmg
804,spotify:track:6dSKDp21S6I5UOhDqjw4kB
805,spotify:track:7JvOGQbMHOcOnz4riGimUb
806,spotify:track:5huhTBZco7UxXDqCIwlQ2s
807,spotify:track:7pcTLUekZJQnzDOUDuExVJ
808,spotify:track:3iTi975Q6qnoRKrBL1FNsl
809,spotify:track:2nYwV62UABTH0NanrwVIdQ
810,spotify:track:107CfwBqfICzcKur8k7UCA
811,spotify:track:1mqlc0vEP9mU1kZgTi6LIQ
812,spotify:track:3mj6prXmzqkj3PA3lg5ySK
813,spotify:track:7oK9VyNzrYvRFo7nQEYkWN
814,spotify:track:3ncgNpxLoBQ65ABk4djDyd
815,spotify:track:1RwoXmQ3RvIdfG8bLeX65g
816,spotify:track:3565kZKhcwMDL6yKdN5JVR
817,spotify:track:1F50p11EdNLZ6XZF8gUY8P
818,spotify:track:1YSy6FPL1KMTWgb0ht4rMG
819,spotify:track:1wC93sZRGcTgKLN2UWRSwW
820,spotify:track:5LABCxgmP7DATATIJXOh6n
821,spotify:track:7floNISpH8VF4z4459Qo18
822,spotify:track:5wY7ZogIkopqocAjGeyzPO
823,spotify:track:2xGjteMU3E1tkEPVFBO08U
824,spotify:track:1My0Hfu5dTCbYisBk9ZRGr
825,spotify:track:4WLTCEwzaXXSVdkef7dkCm
826,spotify:track:5xlS0QkVrSH7ssEbBgBzbM
827,spotify:track:1PSBzsahR2AKwLJgx8ehBj
828,spotify:track:6O3QwvHNwYIu4T7yHmf15a
829,spotify:track:00lNx0OcTJrS3MKHcB80HY
830,spotify:track:54LGxQGf5LPXNGjtzDZ5IE
831,spotify:track:6EjAocmBEiRJcMU7runbCX
832,spotify:track:3Ytr1SUCUi6J3L9dRFx5iH
833,spotify:track:2zjEMw9kkROEbAxIXk6Ivp
834,spotify:track:4dVpf9jZjcORqGTLUaeYj9
835,spotify:track:007d7JT41sSc1HqWTs4uw7
836,spotify:track:3DX4Y0egvc0slLcLl31h2p
837,spotify:track:5TBsLU9TSxjDLzMpsEgJsv
838,spotify:track:1gWJ4zaBSkyICr7wTEygS9
839,spotify:track:1rsAFUCa6BVMgRQ3FCQQsi
840,spotify:track:0wyuUpkWLHL02Aes06H9Om
841,spotify:track:1A3yLIqelu1D7MCtw06Cu7
842,spotify:track:5ChkMS8OtdzJeqyybCc9R5
843,spotify:track:6JSryEdVJTZq6YBn3wK2sn
844,spotify:track:1xznGGDReH1oQq0xzbwXa3
845,spotify:track:3SdTKo2uVsxFblQjpScoHy
846,spotify:track:2Cth0v1xri32oZ799rL3rl
847,spotify:track:7CRVv14VLogIh8BZLcRpJM
848,spotify:track:1fiwHsiitsbudIjFgmzrM4
849,spotify:track:15coTBAzEN1bOeipoNDZAR
850,spotify:track:0v6L0IaWRSVwMPsbqhxoZ7
851,spotify:track:1CKd1PnqfYx0H12V9MSaIY
852,spotify:track:54ASqOnnhFprbsGtNg9IEZ
853,spotify:track:1OAh8uOEOvTDqkKFsKksCi
854,spotify:track:3RRkd1ShkedrtLq8F5XqbT
855,spotify:track:0n2bvWvMwr0gbjcuTm92eW
856,spotify:track:3FQCJI2t5LTbsRPfYVBSVB
857,spotify:track:2pMdoSYHAQ7M262ZG3JL0J
858,spotify:track:5Sf3GyLEAzJXxZ5mbCPXTu
859,spotify:track:4QrfEUAzBlO1elXxOBQPUg
860,spotify:track:5zbPPtpSfA5GQ9C1Ya3rrl
861,spotify:track:4jwEnP2fQnNWSgqkOcYVIN
862,spotify:track:2MK8xQVIFA81r32V4E1MkT
863,spotify:track:114qi5XMfRkOEf9hR4gaVr
864,spotify:track:1viwBF6rfK3AjDwoVLcUXq
865,spotify:track:41XCLKG0xl01mGprBDtTNS
866,spotify:track:6dxU7Xf9j2yNI7aCcT8W1g
867,spotify:track:7nwhC8S5czxTRLhTKpKD9T
868,spotify:track:1m69ELEgE6k5ZWsap40ozt
869,spotify:track:6Nle9hKrkL1wQpwNfEkxjh
870,spotify:track:3FgTps6uIQvc4aGCk9GreM
871,spotify:track:7IvsuFIqe5vB6W9GrswYtj
872,spotify:track:15ahYSiHAIMxAnujlXVtta
873,spotify:track:5nOEztZFkqhlwyBk3fzAPT
874,spotify:track:7rl7TNsfJiJJ3BY47peVSm
875,spotify:track:5qmR4IEKBUpgPa14pGuWuS
876,spotify:track:3vAncbML0jhNrp63DKhsCo
877,spotify:track:2DQHzXM5eKjunrgtcnsefC
878,spotify:track:3iRT3kNY5h4K29THDNwNzQ
879,spotify:track:6GNifiuBPrKFpwNBYnooFm
880,spotify:track:0xl1w2q4VLojeXp4JfazPL
881,spotify:track:0hNduWmlWmEmuwEFcYvRu1
882,spotify:track:01iyCAUm8EvOFqVWYJ3dVX
883,spotify:track:0jSMnY1V9iLW5dJwC6PQly
884,spotify:track:0Q4UnABWc02jPFQwzx96EJ
885,spotify:track:6AUjCREDPemltXCgUFNKhM
886,spotify:track:1xIVMdpZ8D7kAYsfBdsXZY
887,spotify:track:1dxrqZVEdoPUoO0VSOz0Yp
888,spotify:track:2cTKuxpHcPzDFRbbhE2WxP
889,spotify:track:0prwCihRoIg2yvGpdiNTKr
890,spotify:track:4Lxo85WV35D46plJvewWj0
891,spotify:track:7yO48FWUkqsrdxrwkGcnwl
892,spotify:track:3WR4pU96KUOlAOTgYCefdH
893,spotify:track:1839RWzPRZCVgvamu4sHSN
894,spotify:track:5SDCeGVT08a1RMXIBJF2O5
895,spotify:track:3DPVWMeTHfzgEGIEclG970
896,spotify:track:3QKOeXulifabbeVYqFEYLG
897,spotify:track:4iln0giJrfqie4FildAxFT
898,spotify:track:6PCUP3dWmTjcTtXY02oFdT
899,spotify:track:6b8Be6ljOzmkOmFslEb23P
900,spotify:track:5YY7ht3PCArlLjLbcTiAvh
901,spotify:track:5tf1VVWniHgryyumXyJM7w
902,spotify:track:3nowfjwegM5e8lZFIZs5AR
903,spotify:track:7q5agbUOzZnVF4Yes3AD7I
904,spotify:track:5ZX1X9Rl4zbx1Wwyn3idVD
905,spotify:track:0lmdsH1MIoLsMymnNpd6HU
906,spotify:track:56lBX2WHqfGuoeZxZvUnVj
907,spotify:track:7mR6AryFz9a5TAAHAtbBD7
908,spotify:track:4YVbLto1w4dEKXjuZxlGRQ
909,spotify:track:7MYmo0JJJDmu4MZTSAF9y3
910,spotify:track:1d0c62VFYauOOgxZ2eFUxx
911,spotify:track:10GJQkjRJcZhGTLagFOC62
912,spotify:track:17Fd6Yb7mSbinKG8LoWfFl
913,spotify:track:1crSsvtU9wZB15dIQXV2QH
914,spotify:track:1kusepF3AacIEtUTYrw4GV
915,spotify:track:6kNMg11e0ApnTmExdayfA1
916,spotify:track:1bfPwJtmZdqv6MPY5Wr7eH
917,spotify:track:2Okv1MY4rnI3hHyDXqOdvs
918,spotify:track:5xNUR50KxswPRAvx7S163g
919,spotify:track:0r8cXiw1PpmJ41vKVuo8UE
920,spotify:track:26K4tbF6waeJzo11e3JDo8
921,spotify:track:0MfVTButkC0WU7aUcIskU6
922,spotify:track:299lFlaAsNQdgbIZNPmIA0
923,spotify:track:3aLSrx8qhssXrh5yjB6oy9
924,spotify:track:3ZiRKBhwdgakfj1HBoBsNP
925,spotify:track:4VuS959DSpr82t3qBqCrWG
926,spotify:track:6OiCBhX8lUQeNoAqipWsr0
927,spotify:track:4q8PHoRsPUB52LFylX8Ulz
928,spotify:track:6x6cpNDnIpqtaNcXIcGkUs
929,spotify:track:1a5Yu5L18qNxVhXx38njON
930,spotify:track:58K5nAWRgdHtdUdrQaScGv
931,spotify:track:7GncL3nyKUjsEm8Z5gvTpW
932,spotify:track:3ZOEytgrvLwQaqXreDs2Jx
933,spotify:track:55OdqrG8WLmsYyY1jijD9b
934,spotify:track:2Wr970IfovsSGnfkE08iMF
935,spotify:track:1jNOi6m3Hn8nLEeHCp5Msr
936,spotify:track:2C0KFbb4v9CNWR5c9jWcKC
937,spotify:track:3t0J8vI9StQD8KIBkT2Cp5
938,spotify:track:2HzfRSfCogBSsgW2CckVA2
939,spotify:track:67CfbIKKTCKFqmQLJwUftX
940,spotify:track:2KklXplRtxMsBYo474Es0w
941,spotify:track:0vBUsN3rew8OjgowVwykOn
942,spotify:track:2eucFttlfFNX5fRD78JBdI
943,spotify:track:0mX14Kpe4VTYmkqRgGslT5
944,spotify:track:5pto2OxinIJ3Vb2H8FZqGV
945,spotify:track:3SGWp9fJCzgK0WcpcKSQdy
946,spotify:track:1rIKgCH4H52lrvDcz50hS8
947,spotify:track:6fZ3uERao8KUwL53TOOdLS
948,spotify:track:3WKBNbYx32xlJQ0puFCnAJ
949,spotify:track:0jzDEmL1YQSElsZMeWyBFy
950,spotify:track:6XOYVSmNDjKUNMXooU4s4z
951,spotify:track:4AEVXHznFXkJEtFamkYwlr
952,spotify:track:3H179O48ynsu9q8LOnFQZY
953,spotify:track:5QhTQuh6CAdyee44LINWCI
954,spotify:track:6pSYjx66rlqRmGGTHhnjCo
955,spotify:track:6JRJbyOIVV70SFzNCvH9xX
956,spotify:track:4ofJfEEpdRojamBiNRrc1P
957,spotify:track:4N1c5rmWOzRmB9SMacr5wB
958,spotify:track:3QiAAp20rPC3dcAtKtMaqQ
959,spotify:track:0o221VNm4azkzYYLtxDGgV
960,spotify:track:71GOBk9Dj0NEYNLzLCX4Sq
961,spotify:track:7MyNwJf70OmVkQey6UsPnV
962,spotify:track:6uJwPeBGb3swi85TSr9iIz
963,spotify:track:3zAUQH6We2RZ1LaDusCJbX
964,spotify:track:2nWeF8M4XwOdIEUK8q1kTj
965,spotify:track:4gavOCQdZ2g86gkvi17FM7
966,spotify:track:6hqIXyo6GxydAnoI8XeIrV
967,spotify:track:3C4FUqrrjuvWoHwsumWfIu
968,spotify:track:1T5YN3coSTm6uTfCC2WXVo
969,spotify:track:1Wrzhfa5bNlqvsnCztz190
970,spotify:track:5XOuCULoFqbByxEERraICQ
971,spotify:track:2uITqsPoCdIVABLbrTVevi
972,spotify:track:0PDwNx6GrHc5sRVy6Hc7GP
973,spotify:track:2W4yTO3qHdqyvbz2UxfIPh
974,spotify:track:2JzQJQyCBASBg6BmPUHR2l
975,spotify:track:5SE57ljOIUJ1ybL9U6CuBH
976,spotify:track:35GSwxl4LYtOATVIXqmAPA
977,spotify:track:2yvjjJrWzVzA2zg4VsoEmo
978,spotify:track:7D5yebasDybJ83PTpwQNfx
979,spotify:track:4eHbdreAnSOrDDsFfc4Fpm
980,spotify:track:3Lfiu5sZ4M4B6JaKMBc0FU
981,spotify:track:70lnL3QaSOIIyMa2X9aVRL
982,spotify:track:4lawFBY8FFw4dY4shoiCvC
983,spotify:track:2A17f6I4fh6GqYX0J8noGr
984,spotify:track:7HwKzQBybHSHqdLv25VdtU
985,spotify:track:0fioLzGM8ngbD1w6fMmm45
986,spotify:track:4r8hRPbidDIoDPphxi78aY
987,spotify:track:7LFLJWIQFHsaDw5FOltT5Z
988,spotify:track:0SGkqnVQo9KPytSri1H6cF
989,spotify:track:57MbOuT7s2ES3IW9KuZQzI
990,spotify:track:0o7glLPfZgns8ZF14Wlpf7
991,spotify:track:3HVr6jTVwBHBa2flM0eURR
992,spotify:track:3xcA9VhzezvHcZsoQLmRho
993,spotify:track:5Jod7wZMqUqoNOEXuuPAfs
994,spotify:track:4gbVRS8gloEluzf0GzDOFc
995,spotify:track:73oG1oAMc7uKza0DQsZVZO
996,spotify:track:2Za1AlJNvksouPPWbXpR2X
997,spotify:track:378iszndTZAR4dH8kwsLC6
998,spotify:track:132PHgHGX3zImcI6MkO0Fg
999,spotify:track:4FwwXRuwzJcpmfCR8ltO9b
1000,spotify:track:5ByAIlEEnxYdvpnezg7HTX
1001,spotify:track:2rizacJSyD9S1IQUxUxnsK
1002,spotify:track:4xgogDjS5rql6vVY5Okxhk
1003,spotify:track:6Za3190Sbw39BBC77WSS1C
1004,spotify:track:6DUdDIRgLqCGq1DwkNWQTN
1005,spotify:track:47ku2WULKpUQEW9dT6IODI
1006,spotify:track:6eAMa0e7WCbjM7ivbAhvkq
1007,spotify:track:4RuvPSCJ7xvRVOxiFBUt9B
1008,spotify:track:1sWiWerHnR6J4LNdFxdywM
1009,spotify:track:08WPvDEsHvTFuB9w8tC2OS
1010,spotify:track:1yxgsra98r3qAtxqiGZPiX
1011,spotify:track:7M62jxrvr7UJdo6DchAFf3
1012,spotify:track:6De0lHrwBfPfrhorm9q1Xl
1013,spotify:track:4HwFQVCmXg7nXahGMqVqT9
1014,spotify:track:3S0OXQeoh0w6AY8WQVckRW
1015,spotify:track:4dQJPEwClxfhDIyReAxxnk
1016,spotify:track:33VNLJpKEeCfSnHMq8ZX8o
1017,spotify:track:2ENexcMEMsYk0rVJigVD3i
1018,spotify:track:7LQFqrhg2zchnDtYS3BqCG
1019,spotify:track:3VClLWqNn80Llv0PJOsKgr
1020,spotify:track:4FPrAERfkPKOBKrRoyuxLu
1021,spotify:track:1j7WkfrhD53T4NP0MbaF4H
1022,spotify:track:67DT75IlDJdrZ5ZsIzmMH3
1023,spotify:track:46eu3SBuFCXWsPT39Yg3tJ
1024,spotify:track:1KqvRRQd3lfM0pAlkGPrgD
1025,spotify:track:0eafUurZ4awQ3ZAIvHr608
1026,spotify:track:7sO5G9EABYOXQKNPNiE9NR
1027,spotify:track:7KXjTSCq5nL1LoYtL7XAwS
1028,spotify:track:4zIaXqKCXZs02eB6jEe5Mf
1029,spotify:track:3sdDgcU2XvO8EwkUsIe7VW
1030,spotify:track:4nDfc6F2uVcc6wdG7kBzWO
1031,spotify:track:5mv7w7lsmOAWhSMYPz7vSN
1032,spotify:track:1uKzAldJYlwje9HstlwTie
1033,spotify:track:0mel2N9Ws9r4yLQn5QE21Y
1034,spotify:track:6RUKPb4LETWmmr3iAEQktW
1035,spotify:track:7twLnN62kZTfE6QaIOpyuN
1036,spotify:track:650OeHTLxZAQmb4aEbGmaA
1037,spotify:track:6AUuRg513AfT50d52O60fS
1038,spotify:track:489nZybL79w209ELXWJyVK
1039,spotify:track:65B6PVBnY28EEAMSrIk6bk
1040,spotify:track:04KTF78FFg8sOHC1BADqbY
1041,spotify:track:6ZvHhCEzcmmyjlFVmPjb4a
1042,spotify:track:2HVlPD7l46qVItJl26XsLi
1043,spotify:track:10BpvV0IRrd7D0gtHrBTN2
1044,spotify:track:2EZQWlqxhPE2mfkGGt0M8i
1045,spotify:track:2zYzyRzz6pRmhPzyfMEC8s
1046,spotify:track:67FIk7Usu88yo4HW43l5p9
1047,spotify:track:4l7oWPw4zoKwv1esKfk9ln
1048,spotify:track:2dCmGcEOQrMQhMMS8Vj7Ca
1049,spotify:track:7mJ2RZgc9MDpiQBijvPYFX
1050,spotify:track:2uSm3nvujwcpDWOpT09eWb
1051,spotify:track:7jF8UOxrhG0CK2sYaHVCMx
1052,spotify:track:05CgKydlFJALNy4JTHeMgs
1053,spotify:track:553GNiNqcudWfsF55RBDqz
1054,spotify:track:7Glc4pW94gOMFJ4cdC5dg9
1055,spotify:track:1WC5UN1U79gJlxGLYDGIO7
1056,spotify:track:0JiVRyTJcJnmlwCZ854K4p
1057,spotify:track:0RTzJVkunbGwuRjXDFHnjf
1058,spotify:track:3zJw3rugfpVrmBeDDnUYzy
1059,spotify:track:2fgk04HR0nlgNysfX7fKF0
1060,spotify:track:04qqfjPWDqrg9q3HTToCfZ
1061,spotify:track:6gBFPUFcJLzWGx4lenP6h2
1062,spotify:track:3EmmCZoqpWOTY1g2GBwJoR
1063,spotify:track:4OZEu0Vwq0RB2LAq14v99n
1064,spotify:track:20ZAJdsKB5IGbGj4ilRt2o
1065,spotify:track:0eio2xxlLcgMCSMPgJseeI
1066,spotify:track:3GPI7hYiqD6enLRobhkBm8
1067,spotify:track:2dfqS3MRtbLZSZA1IL8xY5
1068,spotify:track:5gIRPQWULwrvIt0F6pY7ph
1069,spotify:track:0ZciUwSSqAqYzWBPUBK9Su
1070,spotify:track:0WCEaydwN65cvwaW8aqptF
1071,spotify:track:1n4jwRVXdkK2U34nBDUKKT
1072,spotify:track:7EI6Iki24tBHAMxtb4xQN2
1073,spotify:track:1HrMWH5GUdK6Yi94rbANJA
1074,spotify:track:4Hf7WnR761jpxPr5D46Bcd
1075,spotify:track:6cAKeFFYW2aClZSUyvqAEW
1076,spotify:track:2OYXpaYf86alQxLNsv8zYD
1077,spotify:track:6Tb6jpTsEMuBnxYo2HuSiK
1078,spotify:track:2CvOqDpQIMw69cCzWqr5yr
1079,spotify:track:7aW0z1jKq6FgB7ffpbocg6
1080,spotify:track:1mDGDb2fUmUMdqV3tb8VKQ
1081,spotify:track:5humEOJehpAwMJEJmb0JJ2
1082,spotify:track:0k23rRi1B8ZHrKtzECGoyk
1083,spotify:track:6n3HGiq4v35D6eFOSwqYuo
1084,spotify:track:1NRpTRaS4H5TAaFllvHncI
1085,spotify:track:6mEq3wNJtQaGoXQmSTt7wb
1086,spotify:track:5reuAuw0krOWkDz2C5ayPX
1087,spotify:track:3nXUfNbkv8ikaSdHwEp0oY
1088,spotify:track:3OG5wVO27N3HtdtxPLpPFt
1089,spotify:track:4ebyxcj1PnmLXRFFpWegGY
1090,spotify:track:2LEF1A8DOZ9wRYikWgVlZ8
1091,spotify:track:3B3C8mLLcV6X2KfMoBAhRY
1092,spotify:track:2YMyVYNLmFDD0KGtNkkgFa
1093,spotify:track:4HeTbgW1dDHxE8LrNL5HDP
1094,spotify:track:5LkQpbBFgoyQm1jGlznT7p
1095,spotify:track:2sUjqzc8jIKYrM4rw86uyx
1096,spotify:track:2FRnf9qhLbvw8fu4IBXx78
1097,spotify:track:7vFv0yFGMJW3qVXbAd9BK9
1098,spotify:track:4ZJPwET9Jrgpkqi4Vo3Yg8
1099,spotify:track:5iGkUe025afEj6z66GHjWv
1100,spotify:track:43nTSCqFZJTaBSsWCLJfx3
1101,spotify:track:2FBUoWkIuQXwayw2RNo5l6
1102,spotify:track:7iypwu1yQ4GftHl3nbUgK6
1103,spotify:track:6rKnNLtB54F16xQH5aw29m
1104,spotify:track:2AnQ17eF2coAbBlLEbpHTo
1105,spotify:track:1I8tHoNBFTuoJAlh4hfVVE
1106,spotify:track:1wur1SW656paPv7EyTqWu4
1107,spotify:track:5OMwQFBcte0aWFJFqrr5oj
1108,spotify:track:7lGKEWMXVWWTt3X71Bv44I
1109,spotify:track:29X2SbrWVW3AKrM9wStY4j
1110,spotify:track:2GdIKPluDT6hT3xBxxKiUK
1111,spotify:track:5Gu0PDLN4YJeW75PpBSg9p
1112,spotify:track:5uHqjLxdyG2W3inN52gRMs
1113,spotify:track:0oWdtU4ius3XfFkEm0elVq
1114,spotify:track:4BV37FQ3MN4Jc3FIvWlI7w
1115,spotify:track:0PJTSLKwNI68rwHEJ054qd
1116,spotify:track:2twUPIYOTqVivev47pf7bU
1117,spotify:track:4qqArAiTPueDxIp7cf87h7
1118,spotify:track:1bhUWB0zJMIKr9yVPrkEuI
1119,spotify:track:72hHInYt31ahgKrITeJLLV
1120,spotify:track:04paQ37b9ea8jLFAPQrRMh
1121,spotify:track:33F4IHQ2JcXWSDXNA9b4tK
1122,spotify:track:79e8hwTrPAvAwYc3JFeK6a
1123,spotify:track:0fBSs3fRoh1yJcne77fdu9
1124,spotify:track:3bJk15J9lr1D5hQgR5XDUP
1125,spotify:track:3RiPr603aXAoi4GHyXx0uy
1126,spotify:track:6RrXd9Hph4hYR4bf3dbM6H
1127,spotify:track:7JxgBFTAELiO2EfkJcUXUR
1128,spotify:track:1XRTXNP8eLpWXfso8Q4dC5
1129,spotify:track:0zsAfJQ1ZEhEjvBlYl9wMk
1130,spotify:track:0jWYIVQ6q5ixWpdUYpcEeh
1131,spotify:track:6pwvH9LfroBLqd3dez9vBz
1132,spotify:track:3cNjgVBKTJ1SvKhunrCdVy
1133,spotify:track:5Y9fnynLlIvqtM710MHzfz
1134,spotify:track:2gbCG4Rt9984UZ7Tc0dIFd
1135,spotify:track:1iDPB2WNsGEWuKycQyDGn6
1136,spotify:track:39G2MOGHvRizM6wU6jC8H9
1137,spotify:track:7F1LWA9sIlTorHUo4amGqk
1138,spotify:track:0w5Bdu51Ka25Pf3hojsKHh
1139,spotify:track:4kpAz34vx3pPPGaKdD3j6Q
1140,spotify:track:3AsAuGTaDQzavZZThyYlop
1141,spotify:track:6IoKSUyNOOheJRjiuGb1ew
1142,spotify:track:0yhNApb5f23UkttdQekW3P
1143,spotify:track:4dASQiO1Eoo3RJvt74FtXB
1144,spotify:track:6swQNgqYQmtBlUT7VydnxU
1145,spotify:track:4N4OsaLguWcJTsgGCRxYVI
1146,spotify:track:7jHzO2EPJzt1JgHQ80aRu0
1147,spotify:track:5nCh1ndK8yigIS1HnygeDg
1148,spotify:track:4sJ7QiE3N0QEtkJuJvsUBi
1149,spotify:track:0o2xtLCzHseeiUMYMGFDcC
1150,spotify:track:5bcTCxgc7xVfSaMV3RuVke
1151,spotify:track:3en8r3KYECOz81PC3cymsx
1152,spotify:track:3QWjljChcOMkRDYSzF33Qr
1153,spotify:track:69uCmYNvkqnvIpyTKJXZ5P
1154,spotify:track:2UMMy3ZyQmw5fqnmeaVki8
1155,spotify:track:2cKovq3l6OJjhVVDbVKOsr
1156,spotify:track:5ojXuKXBYq0apcNucYSDXq
1157,spotify:track:7Hv89f7Dpm5Hce1XkBbjQZ
1158,spotify:track:3Vn9oCZbdI1EMO7jxdz2Rc
1159,spotify:track:6t2ubAB4iSYOuIpRAOGd4t
1160,spotify:track:2JCv3LADgWrOcJoOa0so6m
1161,spotify:track:71P1N0X76YtZMbBIGG47un
1162,spotify:track:0Zx8khUcEfCFK2AEoIhC92
1163,spotify:track:21FzLpLN7S1XFePNSZHEFt
1164,spotify:track:6BwWFv9GR66ibD9pZO2W5E
1165,spotify:track:4YDuN2wT9oCQDPvES6MwVv
1166,spotify:track:565mBVOWl57RxMQl2jvSML
1167,spotify:track:1COzxDAXL1Bjm48oabSs8S
1168,spotify:track:7jzpAD8q77nwEmSsqUeUjy
1169,spotify:track:7vGuf3Y35N4wmASOKLUVVU
1170,spotify:track:2KwojFDebQV4J2b0JMRR5Q
1171,spotify:track:3jP3coGrROR7kjiDlpoRph
1172,spotify:track:1WOmEg42Mgaz1nRimIMR9C
1173,spotify:track:2xpKG8IFa2OOVcHev7rPv6
1174,spotify:track:2ZhK2QEmcnyy4tgDT34bu5
1175,spotify:track:69uEpNyKIz9ZPKMjjrOFbl
1176,spotify:track:78pn8k7RogKo2oxl0DyX6d
1177,spotify:track:1tDM9ElAIOimEPBEnkXqe2
1178,spotify:track:09KlDlkOYuC5x6hOaM7vaP
1179,spotify:track:1pJQAHpD51J7GYaFrrFO9S
1180,spotify:track:6E39QsoWB7JjphPF9xCQSN
1181,spotify:track:3ZxYruWUtA4WNlWvO2gDPW
1182,spotify:track:5EzitieoPnjyKHAq0gfRMa
1183,spotify:track:4O4xuKdvJvl7HpFlYGwudS
1184,spotify:track:40RV7qJXN0CaiY6UPmH7Sp
1185,spotify:track:4JC8vnwP59u2WG6jbHCPOO
1186,spotify:track:5xey3cl8y5fWst3EKgPFk8
1187,spotify:track:3lPAHV0b53zgRRm9LBgnTY
1188,spotify:track:6nlXWOyoCPLXXWaklOyQcb
1189,spotify:track:1s7voXUxRTw98pmy1J8urv
1190,spotify:track:5FsTu7dr5CbzoHWOtesNwk
1191,spotify:track:0P6AWOA4LG1XOctzaVu5tt
1192,spotify:track:0ymkBsjtqVjwOJ6lDt54CS
1193,spotify:track:5N1itNLaYtifU8YVbg9SBQ
1194,spotify:track:11SiIkTI3NsJvQGRyGw980
1195,spotify:track:209gZgcfLq2aUuu51vOWBl
1196,spotify:track:1IgRQvTqj7BKjNWRzjFEE0
1197,spotify:track:569wwTXGm6Ujk1HeJjH6fj
1198,spotify:track:0J47tsoZf95YNsIHnNBo9p
1199,spotify:track:3gppA9cIA46C4nomcRq1NF
1200,spotify:track:6keKIzkXWdbwJWMBJQUwYl
1201,spotify:track:78rIJddV4X0HkNAInEcYde
1202,spotify:track:4GvhvCrqxhpyMBUzwdDC0T
1203,spotify:track:6JY1IdkZGeIcPegKxjSKeb
1204,spotify:track:6g4ZuCOfJyY48vCaxA4yRu
1205,spotify:track:6GeD5g9vZTz25Egf8kxoIY
1206,spotify:track:6adiI26XZ7hksnPrJdLpjU
1207,spotify:track:02UNF1uo5f0UNgc1qx5XGt
1208,spotify:track:0xbHp9AXvMKteyvGuyGzBM
1209,spotify:track:1HCw8XKtTgWWU3JlEUR0qQ
1210,spotify:track:4aWmUDTfIPGksMNLV2rQP2
1211,spotify:track:0s46bMreG8JY7LHE0lKqp1
1212,spotify:track:2qtU6xY8JccohVSOH1pOj8
1213,spotify:track:5ETXBavoEIZcPVIVjeMP1E
1214,spotify:track:11pNf8SA2U3PXzLca8BFt6
1215,spotify:track:39MsGu3FUJ5mofWxTvDL1A
1216,spotify:track:2pJZ1v8HezrAoZ0Fhzby92
1217,spotify:track:5DEp4UmhxN7OLnYQacWZhh
1218,spotify:track:6Pw3Gvw4wNMZfTYZa6IQal
1219,spotify:track:66y7x28jXOPrcmu3D5Zjh6
1220,spotify:track:2CJ6CRzuRQd46asE1ucuVD
1221,spotify:track:3v2d3qpgx5s7cwpMg71i3O
1222,spotify:track:5ltecSYLGsRr6BNTlwQkEu
1223,spotify:track:5OXo9FTWP1urs0BxC4QNSl
1224,spotify:track:2HL7EWAjEm5Bhpr1iWHA4C
1225,spotify:track:6jTEKtJvIoECSQMEZoLmjR
1226,spotify:track:06IYJV7Ed3FfpJurK7OIFG
1227,spotify:track:7fSGbZLhWlAiCC3HDPAULu
1228,spotify:track:11dFghVXANMlKmJXsNCbNl
1229,spotify:track:3HoTiqEEY2SmTeq1XGINo3
1230,spotify:track:54h8xHewdRPnYzmbEHBhOO
1231,spotify:track:7MXVkk9YMctZqd1Srtv4MB
1232,spotify:track:15pjLBdN42P2gyFefUt8DD
1233,spotify:track:1SBj3BmNJ5SNCoC0VtlR9Z
1234,spotify:track:5Oh3cW5gnEEKPsHb1WrVWm
1235,spotify:track:4gJzpOMYyOpVnbDXlT5aWL
1236,spotify:track:3mxWDt0eKXfl4C1e4oIP0J
1237,spotify:track:5UEvfBx5yQ14HALjI8jk3t
1238,spotify:track:0q75NwOoFiARAVp4EXU4Bs
1239,spotify:track:3LYMSookeZx26HJsohpobI
1240,spotify:track:5AEtlRudpgdT5FtNiuly6Y
1241,spotify:track:6rbeWjEavBHvX2kr6lSogS
1242,spotify:track:7qiZfU4dY1lWllzX7mPBI3
1243,spotify:track:3Sy8Q6qaFefag6e8MFN5aQ
1244,spotify:track:5c4tB0saSkNHX5CyDosuF7
1245,spotify:track:3cRQnpGJ2pJEjQxBIdbKZP
1246,spotify:track:3fFo6Fxhh5CYTJdONE4FP9
1247,spotify:track:0Qh38w01QRXK6KHIv0e3hb
1248,spotify:track:66TRwr5uJwPt15mfFkzhbi
1249,spotify:track:7of1slAJIWrXxP8ikAHxje
1250,spotify:track:6LM8MeuL0otvdufEVtaxCP
1251,spotify:track:0Zbbxnx4SGGHoIow4PpISP
1252,spotify:track:104buTcnP2AsxqB7U1FIZ4
1253,spotify:track:47Sfqrh6K17VYJEagJMlki
1254,spotify:track:2EVv4Vxu3HGPr32CQecgHx
1255,spotify:track:0n7kGBIfea9zdbXvYlqiGM
1256,spotify:track:4jOlOsjDEn35UIE9jbfnhc
1257,spotify:track:5wTM2Bm8phDwHAuOsfBwhU
1258,spotify:track:7zTx8ePYAmPFQuxP3xlXZn
1259,spotify:track:0bZXIae48CY5UZ6MKuNutR
1260,spotify:track:042x9bsUBWW2fJgJ6fUh61
1261,spotify:track:5HDPtsnyb3maFmPL8LLUTG
1262,spotify:track:2OYPmFpM4DrqzdZO9M8XFd
1263,spotify:track:7pYFPMeK0TnaTGdS6qOtEr
1264,spotify:track:1FTSo4v6BOZH9QxKc3MbVM
1265,spotify:track:0yJv0G7r1PZIl1CY5XhvkR
1266,spotify:track:6LEFk0KHRfahO5pOMJlbdV
1267,spotify:track:4ojwGTehgBRAg52jbFgzJg
1268,spotify:track:14oOKFGuXu8DqvOe1W8vao
1269,spotify:track:4z1O25cq9g2kuJemmUxc21
1270,spotify:track:6sWWT75s5WGeiY90WTmaSf
1271,spotify:track:0sZfuG1rArPovx9CdZ40vZ
1272,spotify:track:6AKPNSWJlVFN5YZkY0ZmaW
1273,spotify:track:5wjottmSzUv5TBn2fz5dhh
1274,spotify:track:6V1XbtfGGmfEkyBtTlapw1
1275,spotify:track:3n3giwxUIR5iCTH0r0DUWi
1276,spotify:track:3QKxz43voebR2NmdKxHQg0
1277,spotify:track:4OsZ1vrenrtSbqLJxOceKl
1278,spotify:track:3vOmmLuvEUgGaVuRsCs2QF
1279,spotify:track:3NgCzSW98SsqBdpYcnm4kv
1280,spotify:track:77KHmKnBmVGTjRCeMVXpWH
1281,spotify:track:5X6TnKT37TaSDkFm0598Uo
1282,spotify:track:5LBxMvApPk3HdsQdi6DT9L
1283,spotify:track:32DGGj6KlNuBr6WaqRxpxi
1284,spotify:track:3tvalAG6drBYzkoMMnw6og
1285,spotify:track:4iyH6JZBZjk3htdJdZ6r51
1286,spotify:track:0MIcPSq9n2z5H8TAfEstri
1287,spotify:track:1xVznNshNUZcvdhSwj7kAb
1288,spotify:track:2s76aKBWKShlwPC4xTtEEE
1289,spotify:track:2EEeOnHehOozLq4aS0n6SL
1290,spotify:track:66WPXyhXqMlkM1kZhyEXWK
1291,spotify:track:3GOjD8hwXOxbTF3apTqSqX
1292,spotify:track:0LtVx5vsq9nfpGsWgjUin6
1293,spotify:track:1vWT2IkRfgNC1wUT0cNAKx
1294,spotify:track:5Gd19NupVe5X8bAqxf9Iaz
1295,spotify:track:7bsnTsbiwOymZWjPF9v6Di
1296,spotify:track:044qU7kwVZaDwzWnRsmVVL
1297,spotify:track:3VZmChrnVW8JK6ano4gSED
1298,spotify:track:1RXw3Lly5fhnu15XtZT12F
1299,spotify:track:58IL315gMSTD37DOZPJ2hf
1300,spotify:track:4BfRDZLIiznSnwU7DdDL9N
1301,spotify:track:57Y51hxqMn2j3dosW75R6n
1302,spotify:track:1ipE3bBLWeLkIvxWUaxpSu
1303,spotify:track:1ophi6jCPs6FkGgUFYmhfQ
1304,spotify:track:1e1Tcs9pU5yGcXzJFwXViL
1305,spotify:track:77lGafvlU68CeHgB2pkHC9
1306,spotify:track:0zZ2YoqtzhDn6GYlUd4WPI
1307,spotify:track:6gpcs5eMhJwax4mIfKDYQk
1308,spotify:track:6bLopGnirdrilrpdVB6Um1
1309,spotify:track:2dUZGddtslNtR6cumLqM4Y
1310,spotify:track:4ffAqsKvY0qVJmNcU5rBTj
1311,spotify:track:62WcCjrcvRvRCixFFUPFbl
1312,spotify:track:6r46lnXFbE9fr2d3KNaGbe
1313,spotify:track:2HNBSacyB6jm04n9dX2Mse
1314,spotify:track:4KaIJ1FWXUoAAnOts1YWjD
1315,spotify:track:0A9wC1WP0tzt4TQTZdBirz
1316,spotify:track:4vkVvmjIiQibQ6zJnC1Q9z
1317,spotify:track:42CeaId2XNlxugDvyqHfDf
1318,spotify:track:4vb4mFvYsr2h6enhjJsq9Y
1319,spotify:track:5DCA1FOUDBURlRTNg4ganf
1320,spotify:track:0sSF2viFap4zeXfxUXXt6i
1321,spotify:track:6VHdcVbiKLYYOcMbIqBcuK
1322,spotify:track:2tLqh0Y49XoaM8fYz1VFR5
1323,spotify:track:5lYncaeq1TmmLvgVglKeq8
1324,spotify:track:2bBMODHVTXGwE2aZYfbgCt
1325,spotify:track:2JJu8J1kvXs2GbUpQVbZ47
1326,spotify:track:4vVb2D6RYL669h7tLYOKwx
1327,spotify:track:25V8NDi9if73rYvHwDKKw5
1328,spotify:track:2pq9pe4fR25v736ZXa8IRn
1329,spotify:track:4F7A0DXBrmUAkp32uenhZt
1330,spotify:track:4Ah7UObeoJ3dqi59OOueXW
1331,spotify:track:0S267WajQ4dxnaMNBqhAt3
1332,spotify:track:3bWAqKDWg6u1davspr5IkS
1333,spotify:track:3up1uPuvL5vkfJ6aOeSRtD
1334,spotify:track:7hDc8b7IXETo14hHIHdnhd
1335,spotify:track:6ukfmzdZiNhJMV3wzBgq3s
1336,spotify:track:167NczpNbRF7oWakJaY3Hh
1337,spotify:track:3xWwPvpAv1HbKFmTwf6uKR
1338,spotify:track:0wfbD5rAksdXUzRvMfM3x5
1339,spotify:track:4G0YpYB1Ullb5rgJeJoMcP
1340,spotify:track:1SJtlNRJDeYHioymcvsqev
1341,spotify:track:0iLwLI2t4G3bhnkWNSvxD0
1342,spotify:track:5CPqOpKSk0QcJ3dGdaWcRB
1343,spotify:track:3iK9QAubUYpznnsEHxJ3yd
1344,spotify:track:4jY6EZhYUmGb68XtApie9Q
1345,spotify:track:2h9L3U6h3jnfOpIAj8E86H
1346,spotify:track:6p8NuHm8uCGnn2Dtbtf7zE
1347,spotify:track:4xsTkKQlu5BY9cEKRbmKiI
1348,spotify:track:01uk7IzZyFNfQTDBXxx6NB
1349,spotify:track:6UjfByV1lDLW0SOVQA4NAi
1350,spotify:track:0pGdmGx8l6OkT3FGgudLUr
1351,spotify:track:5YncMl3WSmzvwkiIU2K8cl
1352,spotify:track:3UjJP4ludb74a29P5EHEIo
1353,spotify:track:2xRRSWrjBy8tFJaEHMAMQS
1354,spotify:track:1QzjtS7kXYGPUQF1lbcX1f
1355,spotify:track:1Qg9jWGDkKAGZXj5v2OG59
1356,spotify:track:1WpQu8U3quBeGnhpZn0r7N
1357,spotify:track:3kFfAvGOouKO1lSlngEO4x
1358,spotify:track:6KNkMAENBJ6iwbKgmBxWLX
1359,spotify:track:79cuOz3SPQTuFrp8WgftAu
1360,spotify:track:3dnOHn0A5q3ny1LLLnSAty
1361,spotify:track:2f9LSU0aBW04w6KL26DW8r
1362,spotify:track:2Ce5IyMlVRVvN997ZJjJJA
1363,spotify:track:07MNtfddtgCo6VrUm3O9dw
1364,spotify:track:0iyrGs4yXc2lWQCqCgCx0C
1365,spotify:track:5wIeuNURiubue1VTcglU57
1366,spotify:track:7vJny1xQhUbflJMQvTdd8A
1367,spotify:track:1XCpzvtHjANEBhS9a4xqQ2
1368,spotify:track:79ptYtWnpAnsQutzg2xSFk
1369,spotify:track:6jmngk8Fwup05JZ6kgXEGX
1370,spotify:track:0K7Dd9DP6fvOl0mrlX0aUa
1371,spotify:track:6r7dQe9qCH3ag5orO2WnJw
1372,spotify:track:0vbbhcA6okLzvsy6WSTlLg
1373,spotify:track:2hgzdQdnfWwtdpZbhZlV72
1374,spotify:track:2SR8QbdNfzA3SUv4rt33sJ
1375,spotify:track:4TZy1wLyHec06pwgFYDh1a
1376,spotify:track:7fVC5rR2j0flcMNSu7OaOg
1377,spotify:track:693iqPOQvhI7PobtR8CC8v
1378,spotify:track:5wtjBP0OuSh6pQRj2UxpGE
1379,spotify:track:4kicAOmyaRrrnqOwIUKdmV
1380,spotify:track:1922aFVxjdiTDfKTcYqvqg
1381,spotify:track:1hvpDAxZPKjKztOc72sv06
1382,spotify:track:0yKK9to5WLMT35x8dRU1W5
1383,spotify:track:4ef0bZuCoMw9rPXM83Edoj
1384,spotify:track:2yvfansgQjr3c8oQy2qVxY
1385,spotify:track:20uKv8uFihEw4GSzJZ4PtS
1386,spotify:track:3n3EFUkEX8irsrM8eDAyhj
1387,spotify:track:0L9lXMXddmoBbBUeF7A9An
1388,spotify:track:4izg6Hydc6XGErWW6nbdsV
1389,spotify:track:4OMeKnO7P2taRNhqx00Cio
1390,spotify:track:4fzyvSu73BhGvi96p2zwjL
1391,spotify:track:5vRdhAag1UuNsXd0IRIOkA
1392,spotify:track:3slazms3TpwswQBlwZ20hb
1393,spotify:track:7rfiXyFb5M9BqdkvKvVEiB
1394,spotify:track:0ffweDHrg4bZqdG4IfGYuo
1395,spotify:track:2r0ECFc7nWPdRosmgo84pl
1396,spotify:track:6xND6dCra3zfE46LH3UQVl
1397,spotify:track:4UqlViBXM2Aqn4yGHMmRGv
1398,spotify:track:5TXDeTFVRVY7Cvt0Dw4vWW
1399,spotify:track:1p9uW64G3nNcO9bow0OaCF
1400,spotify:track:6ItkmsAMKvcab9ikCN1TBW
1401,spotify:track:3A7qX2QjDlPnazUsRk5y0M
1402,spotify:track:0lJCqIx5BhZtf6QtYI2fbv
1403,spotify:track:1NPAfzVZZH4lVEXNVfCjsb
1404,spotify:track:1BssJgelMGDNOeIy7ZqgOW
1405,spotify:track:3bUWeXHgqfB3cnzMvApPVV
1406,spotify:track:5uu28fUesZMl89lf9CLrgN
1407,spotify:track:4pdPtRcBmOSQDlJ3Fk945m
1408,spotify:track:2do8RHXBj4CxG3n08KHBWZ
1409,spotify:track:2VJ8G0LeX2hu7RWc4suNhe
1410,spotify:track:0tXPhc8LvM4dPvoRwI66XQ
1411,spotify:track:4N1o0l5n8NFq2gQeWSHHcs
1412,spotify:track:7zja6rwquGA6vzLolzKrda
1413,spotify:track:4IM1V7mJvYJSrDQIJnQl5S
1414,spotify:track:3OhQfgzWYxOZ3tOOYpPvqP
1415,spotify:track:2QdvVCoyK0CVyy7VE45pxW
1416,spotify:track:5Tb85fFikL9fzEe7GNzoXi
1417,spotify:track:1Fv767CH5YFrjo6HwzHnpR
1418,spotify:track:2URkktg77zl1bNQVQAWgAp
1419,spotify:track:4ISve4LmIdHSZlSFCGX2aO
1420,spotify:track:4ricyQVd20UQde1jpXCSuJ
1421,spotify:track:5u5MvmVtitax9R1Mxh3reC
1422,spotify:track:3RJPa6DUTA3PNQCHuUN1tl
1423,spotify:track:6v3QCw4ca5cR4VkzpG0PHy
1424,spotify:track:63kgvYkyiyVAAomPuP2Ipt
1425,spotify:track:0RGUIOZtmOXTWOy5EjvQbP
1426,spotify:track:5qdaaB2RYHohGB1vglLuAf
1427,spotify:track:0R8P9KfGJCDULmlEoBagcO
1428,spotify:track:5hKjEpYrJIJs6uPl7zw6Y6
1429,spotify:track:4kflIGfjdZJW4ot2ioixTB
1430,spotify:track:1yQ8woSt5tJ7pGJyQGuc2q
1431,spotify:track:0fBxgiQe76HZFFqN2FUUpw
1432,spotify:track:6lInUeup6QClCosgJz8j4w
1433,spotify:track:6aRGTfmcxyKZ6pHJLpNe1c
1434,spotify:track:3DZef6EVqTZdhnAlCgUKzG
1435,spotify:track:4mpF85WbMQXxo9RKObQsv8
1436,spotify:track:2MHCiOohBZEQuLgDTPvSzF
1437,spotify:track:0nAHzduMgfhrWnZb32pf0U
1438,spotify:track:3ITEjanytmAGeNYsjFXqCV
1439,spotify:track:2cnKEkpVUSV4wnjQiTWfH6
1440,spotify:track:0chdEzeIcgfNYbWJBpgvzR
1441,spotify:track:5L56aF7d720ZaytO5UMEtb
1442,spotify:track:5QSYWruQQ7kBCHScI4xJ9g
1443,spotify:track:7jTKLKs3NDmDnJHan5M2A0
1444,spotify:track:0Nhu3zSYbEz32IYiobV75e
1445,spotify:track:6xtQ23d8GEXgcxyUKPtwc5
1446,spotify:track:6c6b3X8wAwVFWW59q9V17p
1447,spotify:track:6e6FF06I61sPC4XOFCDFRp
1448,spotify:track:4GEQd6D1NeNjpf0pbOgJSO
1449,spotify:track:5W9oqM9MkYU0DVBic748ZJ
1450,spotify:track:5ExsZq3AmQGxavPJOzf0M5
1451,spotify:track:3qVLeRdP9Z47KgQKDeG0Si
1452,spotify:track:09OojFvtrM9YRzRjnXqJjA
1453,spotify:track:11bD1JtSjlIgKgZG2134DZ
1454,spotify:track:5egqKwgK5r5rvGD1LrtR7J
1455,spotify:track:5GXAXm5YOmYT0kL5jHvYBt
1456,spotify:track:5CYqCvIaZF6fuWWlFgSjHj
1457,spotify:track:3823DOqLpaYkxDiBrjznTp
1458,spotify:track:78WVLOP9pN0G3gRLFy1rAa
1459,spotify:track:0XJMS3oV6rv69jZElWweA8
1460,spotify:track:1AkTW13ysu0AJrwuM6UY0I
1461,spotify:track:3lCHADWP8ohxnfBiUqAN3o
1462,spotify:track:1IYMNvqEMDwQyL60eT54uY
1463,spotify:track:5A7Wefnnwn570vA3SviWv5
1464,spotify:track:4xlrALxuaCf9yZBHJeTSG6
1465,spotify:track:4CWZOyb9YHIH06yfsvY6k1
1466,spotify:track:64OZv7nYfdkUYF1FVzZWsY
1467,spotify:track:23e6ly5nFanMQOk4cAwJj2
1468,spotify:track:5mMchLiMiVmZETS4sp0Yfk
1469,spotify:track:2TsHqHZ659xRvCt7y8uKzB
1470,spotify:track:4kbj5MwxO1bq9wjT5g9HaA
1471,spotify:track:6RIH13Hdnj4CWv6IqcgHoU
1472,spotify:track:1OAiWI2oPmglaOiv9fdioU
1473,spotify:track:5xhJmd0I15jFcEdqxfCzKk
1474,spotify:track:2mmivOje18ZuxkoRmNW3Ig
1475,spotify:track:4DTpngLjoHj5gFxEZFeD3J
1476,spotify:track:3BUQFs6aFWh7EFNmI8bfL7
1477,spotify:track:6XGhtRbAwwWKxgQCNwiUyg
1478,spotify:track:4sbVf9Le6JYtTWPdwcBamA
1479,spotify:track:0E8CA9JBoEs3tD0JQJUpQb
1480,spotify:track:7Lgpic8BsBJR4jFrr9abbz
1481,spotify:track:1dS71wzF2IvVBu2kU8GcD7
1482,spotify:track:15cSC6C9I5hgRcaqrbS1nM
1483,spotify:track:2kVHAQKVtczchKctctzbtK
1484,spotify:track:78caEl4OqEJtKkuF1q164K
1485,spotify:track:5xiBjjEVa0q9cg93Lc6jvI
1486,spotify:track:3NWdNMJXQm2u1X4BFge4Ag
1487,spotify:track:4WrS6vezaPwOafKJmHqMEU
1488,spotify:track:6KdptNk8Z8gPW2f10gKKAX
1489,spotify:track:6m8bgfRORTmgAAatOZ2kJ5
1490,spotify:track:7pstxLUhvsJC3M4TxHe2aI
1491,spotify:track:0FoQu6F6IsBvNovgPYn0xL
1492,spotify:track:5eZ6tAdawopZPw3Rmybpla
1493,spotify:track:4DTHZqu4QU3rkuxA5PWrK9
1494,spotify:track:0Szp49tpFasIjX04Mcsydp
1495,spotify:track:3noN1TxpjbjjmKqssghvg8
1496,spotify:track:4iKuG50iHNBaybQOo11yrN
1497,spotify:track:4giCxIFPZNQIP4bIZM4sqH
1498,spotify:track:5PUZLLiQzxBg6TijpzU3dH
1499,spotify:track:5ffwnb6hqsKZp8cG6q90OW
1500,spotify:track:2771LMNxwf62FTAdpJMQfM
1501,spotify:track:6D0b04NJIKfEMg040WioJQ
1502,spotify:track:727Ya71RqL4oMkSLly18sA
1503,spotify:track:2QD7DklEvkqncYacmhMukq
1504,spotify:track:1FgmP7AOTcn7MGYmImj0kn
1505,spotify:track:5yFSF6qQA1rcLsQRnBsZgb
1506,spotify:track:3TrNP4FXMSlARJ06YwtdKH
1507,spotify:track:0D8ZpOXVjapLXrjz5VfZSD
1508,spotify:track:1Ao6CJVxgoFnXUn4o0jBuz
1509,spotify:track:4tQoXujEKSRlUS42tXONw8
1510,spotify:track:4ZvS3wPyuNaiHefG9bJsBX
1511,spotify:track:51ChrwmUPDJvedPQnIU8Ls
1512,spotify:track:0Wyw4EtWEyZ2ZEj4qoTfhM
1513,spotify:track:60IkVf7UfQXmt5CwkpcX8a
1514,spotify:track:4bHsxqR3GMrXTxEPLuK5ue
1515,spotify:track:1kOq5WUS8KYID3pJXpnX7k
1516,spotify:track:1jMaB19DiVR8OihLSuYFOt
1517,spotify:track:3FteycP8CaXS1MhjcXekVT
1518,spotify:track:1eVRnmGhDPATPxz6kqWuCP
1519,spotify:track:5WqWhg1DI6aWGLHOG8XLZP
1520,spotify:track:0B0tYbVp7pDQAqKDhgMeaL
1521,spotify:track:1e1JKLEDKP7hEQzJfNAgPl
1522,spotify:track:0f0ZZmJr7UFq8D2OkTpDx0
1523,spotify:track:2mOtx6P21hecOcPoVuZbzF
1524,spotify:track:7KcGEssn7BnJdTgildK5y0
1525,spotify:track:5qII2n90lVdPDcgXEEVHNy
1526,spotify:track:5TTzhRSWQS4Yu8xTgAuq6D
1527,spotify:track:5WEqjIUHkwZ5h3DSE7F9bM
1528,spotify:track:6AHcj1Dmv7S2jYlqnIC0vN
1529,spotify:track:5hzBiEGCC6IUzIImitWJKy
1530,spotify:track:6LxbbZYulsV3tCZvKpJgSh
1531,spotify:track:1tS31Mkt0CPiLIQ3CIoaLg
1532,spotify:track:7rPLZ8Krm6CZIbraFUlnWZ
1533,spotify:track:6Tof6kPUc2a17GKaKz4IXz
1534,spotify:track:4g2j0YZdGB8x5vQjXmJsKN
1535,spotify:track:2byvjijA9QWZZRIrW4cIn9
1536,spotify:track:1uXbwHHfgsXcUKfSZw5ZJ0
1537,spotify:track:6dddpSJ2HmZY1yxBT3vGeW
1538,spotify:track:1XcNiBBAQlSUpxgzfXpeVv
1539,spotify:track:1sCxVKWImDZSZKvG0U9B23
1540,spotify:track:0gtSPYz0OHoF7k09Auq1uC
1541,spotify:track:1vxw6aYJls2oq3gW0DujAo
1542,spotify:track:7oolFzHipTMg2nL7shhdz2
1543,spotify:track:6TXglvsCOo7dQrEgRiIdO0
1544,spotify:track:0bZcstGSV52WWUR8WkrW5p
1545,spotify:track:3S2R0EVwBSAVMd5UMgKTL0
1546,spotify:track:716p41p4BQQuUMgOP8ucpF
1547,spotify:track:2n6DFLtQGsiX9j8mCQQIK3
1548,spotify:track:2F4x7TRtf5K3LNSpEuKGhY
1549,spotify:track:6grsbjkrl7DN6waueAmNbm
1550,spotify:track:16CKvTXo5dPW2eN0Gt2UFX
1551,spotify:track:7hCcLbNDCVPNqAwuoutJ31
1552,spotify:track:7KwZNVEaqikRSBSpyhXK2j
1553,spotify:track:52RSmC7Hc3L01jPSo2IUMg
1554,spotify:track:5RtOTz6tsa5ssYJ084BaLW
1555,spotify:track:2rb5MvYT7ZIxbKW5hfcHx8
1556,spotify:track:1GyUyUFe90GoumONdrvyrd
1557,spotify:track:7oAraczbemGSNWqnbkU87R
1558,spotify:track:0qs6VLNCReflbJv8IQ8PvD
1559,spotify:track:1Vw6ZJSBG4BL0C318rkh3J
1560,spotify:track:4M3xIXqnGGmiXkcNTi3HGw
1561,spotify:track:2hdhm6piUJnmKXmEmskXCg
1562,spotify:track:6OsS4AJQJwc0xejHuneWlo
1563,spotify:track:1K2509CPLcuYDyM7ModAt7
1564,spotify:track:5dIGOJ7BpzNKCgkKR4rbr8
1565,spotify:track:6u0oHknFYrnUd42A6rvFly
1566,spotify:track:0V9cosR5jWa4fr2koARmhD
1567,spotify:track:5qXFbBlIF1lI7uV6hozzXQ
1568,spotify:track:1uzEePGfgK8WxUvqXFcgQH
1569,spotify:track:4aKIs5t9TqP59btlCGPrgw
1570,spotify:track:6YH4GanBHEi4oRsqvKFMwv
1571,spotify:track:49UX2xgBCUfzMw8IGRwsHv
1572,spotify:track:74ABBu8osxqmuFOAKcWWpG
1573,spotify:track:2Ti0gegn3cXnlsulQDXObj
1574,spotify:track:21yRtB6B8EMounImAfHRCP
1575,spotify:track:7lOzUJzsELALh5FQsPKTEn
1576,spotify:track:59RR3auWejkJ6nk2jtHr6s
1577,spotify:track:5b2QnYcT9rQIkhRWt4HztQ
1578,spotify:track:4mcZYzoGwPRDdhWVlygiHf
1579,spotify:track:1DnSNqCQM3LUxqFuXt184Q
1580,spotify:track:2VeL5ezgFikYKtKkclSxVQ
1581,spotify:track:6HUnnBwYZqcED1eQztxMBN
1582,spotify:track:1Ft13La2daEGqz5yWJC7lx
1583,spotify:track:3vCeDhrInX8te6SoaqZbvu
1584,spotify:track:1D6nV9TPfMnWm7UdVsDVfI
1585,spotify:track:0bp5sVqEQEwT8wFm9A7j96
1586,spotify:track:6yL2kTsdVwYnGwPkKGtMd5
1587,spotify:track:4kDjbdtK07P7TILVe36p1k
1588,spotify:track:790MhTXPFrYkrqCKvpg4t1
1589,spotify:track:6P8G8IZX5UbRPkrpWYYnIi
1590,spotify:track:2q6tgiA9tpb6DMguABwCWE
1591,spotify:track:2MVYbvZFOEd015bQWRRO0r
