,uri,popularity
0,spotify:track:7pueb0FHOYlKAJPXhVhwml,61
1,spotify:track:4pLwZjInHj3SimIyN9SnOz,80
2,spotify:track:3qmvK8QARSPkFTuKeIXSbs,26
3,spotify:track:5CtI0qwDJkDQGwXD1H1cLb,84
4,spotify:track:5TRaIECBIfSkeqkKoG6psm,70
5,spotify:track:7hQ0ojbeqicGhw0wdUVeaN,59
6,spotify:track:1p1SbqeipOd4ezKUpxqaz6,68
7,spotify:track:5hslUAKq9I9CG2bAulFkHN,47
8,spotify:track:0bYg9bo50gSsH3LtXe2SQn,67
9,spotify:track:0xWcxp3BFrKSsAgpGtaseK,40
10,spotify:track:4uoumbAMEMaKdtiv763jKz,74
11,spotify:track:27SdWb2rFzO6GWiYDBTD9j,80
12,spotify:track:4ci9l0RShM2KiE5zHIKJHg,52
13,spotify:track:36RTpeIUtwFkfR8w0zqLJ7,41
14,spotify:track:2jyjhRf6DVbMPU5zxagN2h,68
15,spotify:track:1L3NV7VrCiuE8C5QlhdeQL,72
16,spotify:track:1gaK2od5J8GX6KecOaWm4d,63
17,spotify:track:0nApFXPoSanA4n7j563Ind,64
18,spotify:track:13e6f8t7RKXuxZ0JdaaJRG,66
19,spotify:track:0RYXEibxMami3QuT8kn4Iz,17
20,spotify:track:5LXj9Ch3O9ATm1NoHT8GXn,57
21,spotify:track:24se9ixkhE2DG57TIvo3fQ,17
22,spotify:track:5MFzQMkrl1FOOng9tq6R9r,31
23,spotify:track:1zsG4eaZmkA1dvjDDsAGLK,92
24,spotify:track:4fSZ0TgFfg4wMqekZBWMpe,38
25,spotify:track:3EfugazgSddQvzZpkof5I4,77
26,spotify:track:1zayuwd1YLZsYDArkruHdL,67
27,spotify:track:0EhyUkKRh4olNJY0lJ9rhG,67
28,spotify:track:0GOJobsbOSIF99y6CGr5o6,69
29,spotify:track:6M0IsaUX4GNyto4niSegfI,79
30,spotify:track:3PGdPUMdUg7a3Tgr5gkfKK,74
31,spotify:track:1vvNmPOiUuyCbgWmtc6yfm,80
32,spotify:track:4okba5wu9mMLXx79DXLKi3,75
33,spotify:track:5k38wzpLb15YgncyWdTZE4,90
34,spotify:track:3agtg0x11wPvLIWkYR39nZ,66
35,spotify:track:4IWAyPf1KMq7JCyGeCjTeH,66
36,spotify:track:6SUocL0caib4mLHe8ZrZzi,76
37,spotify:track:2UwbhMie1EAYuTZ0QXeMwl,77
38,spotify:track:7gHs73wELdeycvS48JfIos,84
39,spotify:track:33XCmHpWcIEeSNBgEDi4Mx,57
40,spotify:track:58HUhieKJoZrOry0XGOOjV,56
41,spotify:track:2LPUvD5DDOO4UYGkWgjI2C,69
42,spotify:track:6tvQzeCPwOytDlBYCIOY0n,89
43,spotify:track:5PQt4MoPK7657MwEgBus9Q,20
44,spotify:track:4xyNG8vZR3g8FnphVkbjRo,72
45,spotify:track:3wdAgmnQwvK9u8YvsWyIjd,62
46,spotify:track:0VhkA3NAwIFfVW4NFCbAOD,64
47,spotify:track:456xBIOmLRoLzCvCzZrWge,72
48,spotify:track:0XLOf9LhyazPX9Ld8jPiUq,77
49,spotify:track:7m9OqQk4RVRkw9JJdeAw96,90
50,spotify:track:7glOi2gCjnWnX5VLXHakGX,6
51,spotify:track:3vgNmjuRDnGLxUFGCLkwpm,61
52,spotify:track:33bnxcjePIkcmNjEFTJX0l,93
53,spotify:track:5hc71nKsUgtwQ3z52KEKQk,74
54,spotify:track:4zHkiH22u64gB8fIK2QjmP,59
55,spotify:track:64v06aMByxJypLo1USwDVw,49
56,spotify:track:4cAgkb0ifwn0FSHGXnr4F6,62
57,spotify:track:2wDjpPW3HZdA9quPPmZAMu,63
58,spotify:track:7zLGHiDWd9T1Rxw4PQCb13,37
59,spotify:track:7eGpQgpepXm1MJ80Zhoipv,60
60,spotify:track:7xSv8lIdJtGMMgsMm2qk94,26
61,spotify:track:4ggbSF8UUSSO0wM5SockJ2,58
62,spotify:track:4nYsmWkuTaowTMy4gskmBw,82
63,spotify:track:3DkE6E3AHgbfM0iGrBr3Oo,51
64,spotify:track:5NNlUMcOEOdoOIwwaWXv0k,29
65,spotify:track:6e8l2FkkbOVUQO8YDpV5EQ,55
66,spotify:track:5VJ1eVOnlAlaA2mQcwmKC8,40
67,spotify:track:3u7AIoAXRXe1UWgqsoYz26,41
68,spotify:track:2SOVNLOqcyCmQAgUwwlDj0,44
69,spotify:track:1f2z9FHUZhYIVW8SQLE8L3,42
70,spotify:track:0afpbPmRHldjP59YRslQz9,72
71,spotify:track:2fQrGHiQOvpL9UgPvtYy6G,89
72,spotify:track:494OU6M7NOf4ICYb4zWCf5,75
73,spotify:track:2bjwRfXMk4uRgOD9IBYl9h,79
74,spotify:track:5uuXtfqM7Wp3idCxyHeOll,63
75,spotify:track:2XDhuJvvx2wcIROXbfTTYr,70
76,spotify:track:0OlnLZY4cmQzT6ZGttvWBM,88
77,spotify:track:4C5ewaZ05vyXM23jFJdwd4,4
78,spotify:track:6M6Tk58pQvABy6ru66dY3d,68
79,spotify:track:2CCfudTf3bHvtNbRmWtXHr,43
80,spotify:track:6oh6njZqTXlIkHDC2tjvWi,60
81,spotify:track:2UxfcZJCphbEkfbZ6nLiDx,30
82,spotify:track:0tPQPaOKM32WgMSbPCYyRH,82
83,spotify:track:2W7tzqjAPXG97RthXx6pNR,50
84,spotify:track:3XR1t5e2teHzxqEsY29D8n,57
85,spotify:track:0BSd5u6lQJWDoNVMuBYBiA,64
86,spotify:track:04DwTuZ2VBdJCCC5TROn7L,39
87,spotify:track:0QQNA8bZqefrGfsShzlZkb,71
88,spotify:track:7u2trOsaFQrFwbL9HH8tdR,39
89,spotify:track:4WqWOsST8tyKsUye5dvq8t,46
90,spotify:track:3rOSwuTsUlJp0Pu0MkN8r8,35
91,spotify:track:7m2g1kKuF7Tre2PzjK3Lnh,54
92,spotify:track:11KJSRSgaDxqydKYiD2Jew,75
93,spotify:track:5hcisvFMidkMJlElTO9Qmw,91
94,spotify:track:39sIYwLYquEkGkmRMPHkH4,53
95,spotify:track:3AKqrVxZMXJQCUB2B1HpUl,19
96,spotify:track:7BqBn9nzAq8spo5e7cZ0dJ,80
97,spotify:track:6Na5uKk5SsqZimk0hAWo8y,76
98,spotify:track:5ymVfeMK8cDew5vzntTuc7,42
99,spotify:track:0LeeZNbW4ysuCgd1xWo5eh,62
100,spotify:track:5KX51uLJYo1S1MmITG7lHD,65
101,spotify:track:3PEgB3fkiojxms35ntsTgs,43
102,spotify:track:3WHqVVRvPDWz033iPs04md,28
103,spotify:track:0ofbQMrRDsUaVKq2mGLEAb,69
104,spotify:track:3BbnFRvRRlw3JN56J5ZpUj,18
105,spotify:track:6QgjcU0zLnzq5OrUoSZ3OK,91
106,spotify:track:4nYKcVxSChmk3RvFbZjYob,57
107,spotify:track:07dYGGSrzPeg6a3KZjWX65,68
108,spotify:track:27GmP9AWRs744SzKcpJsTZ,76
109,spotify:track:1x5sYLZiu9r5E43kMlt9f8,87
110,spotify:track:0Wv5wuenRLI3BcwgT3HPIP,79
111,spotify:track:7LDUiraavMZ6mb8hK3mXkj,62
112,spotify:track:5lyikKk6KFWfWCuDDir9Fx,46
113,spotify:track:6mrKP2jyIQmM0rw6fQryjr,88
114,spotify:track:1ADjWm8QNhgNV8yCNNgQ1T,60
115,spotify:track:5osZJojRNuUPvAeP2ouA5t,21
116,spotify:track:6mICuAdrwEjh6Y6lroV2Kg,82
117,spotify:track:4yzoIumMyoNl7c0f1XKP3Q,21
118,spotify:track:6NMhHiixIYW0WLLcMZQvtJ,45
119,spotify:track:0Qld0SMt9XPAktXDrhDcih,40
120,spotify:track:5g7sDjBhZ4I3gcFIpkrLuI,53
121,spotify:track:62LJFaYihsdVrrkgUOJC05,77
122,spotify:track:2xmrfQpmS2iJExTlklLoAL,91
123,spotify:track:12OcamjCI9eId8bChre1b3,58
124,spotify:track:4lESS6vuruP6a79KWRaQou,92
125,spotify:track:79NlESqzFSW0hdBWgls4FX,78
126,spotify:track:4y1LsJpmMti1PfRQV9AWWe,73
127,spotify:track:1KvyBpAxgllKW7bQb0GYCR,65
128,spotify:track:015RPkpVsPizETsTU4csTG,17
129,spotify:track:0hURJYjOhE6NL72qaeQ9PK,54
130,spotify:track:5gcA28rUaSsEOM5g7Q5wF5,50
131,spotify:track:7unu7FYO8i3CVj5gXA36zr,38
132,spotify:track:75FDPwaULRdYDn4StFN2rT,86
133,spotify:track:3fJaqjV813edLN5wrxUPkc,80
134,spotify:track:42NpUvd0I2kdIuMXX4nobE,67
135,spotify:track:39IsH7B5byx8NRlEKlZVg9,81
136,spotify:track:1cImYkHOQMFE7AZC9aOk4y,42
137,spotify:track:3Ga6eKrUFf12ouh9Yw3v2D,92
138,spotify:track:3m660poUr1chesgkkjQM7P,83
139,spotify:track:7iNIg7XDEaYECfWD5dJ9Va,76
140,spotify:track:0a7BloCiNzLDD9qSQHh5m7,71
141,spotify:track:2pYvd6cHcAIMAM6xMD6nok,63
142,spotify:track:6B7op3kK1kFQp4Ck1UZtK5,42
143,spotify:track:5PU33Ua2bB2B713yGojGjr,53
144,spotify:track:3V9DfRoS7JfSkuTyNEsCxQ,74
145,spotify:track:3iwZ8hg0q1kTBB5kjg0nO4,31
146,spotify:track:7F9vK8hNFMml4GtHsaXui6,84
147,spotify:track:4iLqG9SeJSnt0cSPICSjxv,88
148,spotify:track:7129iqBafaphfc3WPCGC0L,54
149,spotify:track:3BmjRmFTESgWZLPSVGp8aG,61
150,spotify:track:2eP5qjSuazVvTEU3MjEu9N,54
151,spotify:track:1vTntttEXlVHk4uj1vtVEe,64
152,spotify:track:1WbXIpiGBJkCiv3hn40iPB,79
153,spotify:track:4Q5yMlwAfAoitqg4r9oZHN,70
154,spotify:track:7L673Cv2lzQJkG4eyqjG0Q,36
155,spotify:track:4zllcaTo2ns5PHiXfAa8jk,35
156,spotify:track:0L87MffumRNWrY2SNUFcvs,68
157,spotify:track:6VZwnDUMkAZs36g6v9MVQX,60
158,spotify:track:5gRKFj7zsezfKESLX10CnC,52
159,spotify:track:3FiE2d325mIOc4YjkSLVJR,74
160,spotify:track:1WP1r7fuvRqZRnUaTi2I1Q,79
161,spotify:track:1W1uzwzodIbtvASQk2Rpjw,52
162,spotify:track:2CKFFnG21nC5ssngZV8Yi5,49
163,spotify:track:7LABrQFfRYcZUqUwng0Heb,69
164,spotify:track:7my1wrfnHqssb3mtHEPWrI,69
165,spotify:track:62oCnK99vT8HOgwPsvXuiM,68
166,spotify:track:000xQL6tZNLJzIrtIgxqSl,79
167,spotify:track:5JHNg1hxZFT7TDEphhM4wj,62
168,spotify:track:12o6dxWGk29uIAP3OWY0pM,65
169,spotify:track:0dXNQ8dckG4eYfEtq9zcva,70
170,spotify:track:5EId1m4DNwTf3at31w8bPJ,81
171,spotify:track:0cgiShL1lhPg1LVW4qY08Q,35
172,spotify:track:3caMfJGFp53NAH2TuigdNj,34
173,spotify:track:2RttW7RAu5nOAfq6YFvApB,85
174,spotify:track:2H3ZUSE54pST4ubRd5FzFR,77
175,spotify:track:6RFJxVj9tL0Xrd3Jve4Vo4,8
176,spotify:track:5TmZYdHW6HJ9gt7Aokuql5,83
177,spotify:track:2nAAFnHiXRdWhsqoeqhhnr,56
178,spotify:track:13sXuI5RjMHm7dz7O3spYs,65
179,spotify:track:2LW4Zu7FcrwjWm3t5Rv3Oq,70
180,spotify:track:1EifJutqv2tG7Cwwaq2ud4,56
181,spotify:track:1a13lJDJfoIwl1sfjVWy4j,56
182,spotify:track:0sXvAOmXgjR2QUqLK1MltU,70
183,spotify:track:30xrIlvnK0XwqzT5UfwoxR,53
184,spotify:track:7nKBxz47S9SD79N086fuhn,80
185,spotify:track:6La6oWlGposkrgvLjjRJju,71
186,spotify:track:5hYTyyh2odQKphUbMqc5gN,71
187,spotify:track:65VT3KeGiUxgzDMwF86dL0,38
188,spotify:track:4PVGoQYzGo72ZdSsgy8dy4,38
189,spotify:track:1zv5ce0HHLD90EByNsgBfD,61
190,spotify:track:1Bxzw8ag71snOU9IbhXVD6,63
191,spotify:track:1FUViuNSldssMIawrOXF2i,75
192,spotify:track:1XRgIKC5TPwo7nWGyKqgG0,86
193,spotify:track:1xwnvVY9gHdo69PuGQkG1U,58
194,spotify:track:5vuiHi3QYbwcm1OKJOYnrf,68
195,spotify:track:25C5CowdsfXld2jJanbiex,33
196,spotify:track:1TK1j78jc0jcOW4fMRGePv,53
197,spotify:track:1F2HXIJrE2Xn81OzT2zZvW,30
198,spotify:track:6jizk5lOUnfpaZXYMdfeC6,72
199,spotify:track:1mr3616BzLdhXfJmLmRsO8,75
200,spotify:track:7jltqRIyxLXBDNZ1QlmnBp,64
201,spotify:track:2KrMF8DGJrhADg3rPtWFZy,61
202,spotify:track:3Vo4wInECJQuz9BIBMOu8i,93
203,spotify:track:0YHUITU3w6ws1v8ehT264g,33
204,spotify:track:77J6wE54qpAb2iGegfCVFu,34
205,spotify:track:00pW24Ogrp16sOxTokbJz4,53
206,spotify:track:3IkWmgGsXbsafrunwPojXO,83
207,spotify:track:0EWaUpAQtTWET3E14ye6ZV,50
208,spotify:track:7i2DJ88J7jQ8K7zqFX2fW8,76
209,spotify:track:5rxPi0MiR4miNK0rCmk980,75
210,spotify:track:5ndfVSDyPq90jaIUhNPeby,26
211,spotify:track:5JumjbpoKigvotk9JFyf3O,58
212,spotify:track:4C1opPFRPafp6yj4AJPBRB,69
213,spotify:track:0XIzUm7rwQfyy6H1CJeAs9,62
214,spotify:track:1ZQnV7ePl8yXoLjPfhWE5L,68
215,spotify:track:7EmGUiUaOSGDnUUQUDrOXC,91
216,spotify:track:2VjtYe7gpfUi2OkGxR2O2z,40
217,spotify:track:4pVGOnl9ldWoAtyWlIoVQb,31
218,spotify:track:3oTNeTXw2gk2y6iLUrYPO9,56
219,spotify:track:1PkjHpAfaGxZBRfTrYkjbs,51
220,spotify:track:32FX4D4eT8LFP07QvlhSn8,56
221,spotify:track:0nhVrTiCGiGRCoZOJiWzm1,77
222,spotify:track:67aeyMdt7cgb8l9zg53Pfm,62
223,spotify:track:1baLxALJjLKlBanXqYCU6i,7
224,spotify:track:1zonBRtIJCsUPoMAYAlAKN,53
225,spotify:track:3txjyObHLw10MqpL6PyMJ7,32
226,spotify:track:26hcyzSE154xMZCbFdtInA,61
227,spotify:track:7nY0TjOsD1BZehkZgLiOxO,63
228,spotify:track:683fOEDnFrDuFM9oMpuEhK,36
229,spotify:track:7AEV4oGvHPn1DtAE7pLCXR,63
230,spotify:track:72qJov9P8B5Q70VgOjmuj3,32
231,spotify:track:63Qco1ncI5U4qEUnxL1DsH,74
232,spotify:track:2LZwKxTPZLBCYjUhlogMZl,65
233,spotify:track:495O1Affo7AurEPQcvcr18,63
234,spotify:track:5Ohxk2dO5COHF1krpoPigN,82
235,spotify:track:0fxGA5lxrdYNYoE7yJxTNZ,63
236,spotify:track:69BTCYiAx89mQxV0VeR9jh,14
237,spotify:track:6GHVDYo6Kc1KF06YzEJJg9,64
238,spotify:track:6VRghJeP6I0w1KxkdWFfIh,28
239,spotify:track:1wjzFQodRWrPcQ0AnYnvQ9,89
240,spotify:track:6SznMYPQJHzr3IwsAHLId2,75
241,spotify:track:2TRFeXP9DIXV1gp5vFvLSD,53
242,spotify:track:4O9PDbnXU9SnqhPXBXYOnA,58
243,spotify:track:5WJBABuzrSRSVYnw3j7dqR,59
244,spotify:track:2snxaiyLUcVhqG4TscA7UE,44
245,spotify:track:6EpRaXYhGOB3fj4V2uDkMJ,83
246,spotify:track:4UG962ViiLqoUyx0RjCcwP,74
247,spotify:track:29UQV9kjexf0TJAR0UElID,53
248,spotify:track:7Hz6LLOVxrojLPIHJJ1S0E,49
249,spotify:track:7FCfMXYTIiQ9b4hDYs4Iol,74
250,spotify:track:5ek0O3TXqo2FX8ZUAhvt61,57
251,spotify:track:728zbo72kOoYdGR3AhNsyF,64
252,spotify:track:1YCCa9beW7JkFxflje5ERB,26
253,spotify:track:2vHDurkzJ8dhCzoPzqiE2C,64
254,spotify:track:7xE4vKvjqUTtHyJ9zi0k1q,65
255,spotify:track:3nAp4IvdMPPWEH9uuXFFV5,47
256,spotify:track:3cwDSDzTiWr5H5xMQhQ6Mx,70
257,spotify:track:13HVjjWUZFaWilh2QUJKsP,77
258,spotify:track:1PouCui4RgDYcrQVAqdYuf,38
259,spotify:track:02fz78B6Mo1uso0Zl41XRv,6
260,spotify:track:7r9ZTgy31yObGZE6ZYDlQg,65
261,spotify:track:6YHvmAFKRVzPA5oUZWt8X9,32
262,spotify:track:5u9SlTV7leZFNpE7ukfE6F,0
263,spotify:track:5ELRkzdzz0HvGpMDlfZHkV,78
264,spotify:track:4Vg5DX38XeHrWXcE22DMNg,50
265,spotify:track:0YVsrgp4OOUhFuYMAVQazV,8
266,spotify:track:5Mmk2ii6laakqfeCT7OnVD,62
267,spotify:track:0e3wP9rhYQ4Lgmxdh6ra9Y,49
268,spotify:track:5lXcSvHRVjQJ3LB2rLKQog,55
269,spotify:track:2a1o6ZejUi8U3wzzOtCOYw,74
270,spotify:track:2hIFuoXhzcZGvmdtSE35lc,65
271,spotify:track:3AJnpKQesAg5vJVDrhrEIA,34
272,spotify:track:3MzDvWYbRMAgkOFu5DhNvh,31
273,spotify:track:4iB718pFfVa2mEHevHsaXu,33
274,spotify:track:4Ro98RCK90oHqqSZUnTFq5,80
275,spotify:track:1lntL1cI2UIWlxjL5QiN8g,78
276,spotify:track:4U6BNYzKPDiMzDq84w67B0,29
277,spotify:track:2N2QvMYwyYHE8V4KZbbG4i,46
278,spotify:track:7eC5kKsTh7fwoctNBM6c3Q,12
279,spotify:track:4MV4wa3Dke1GMBtk06GMR0,73
280,spotify:track:3vcHPShfJAFP3TtAAsTHsV,53
281,spotify:track:7MHN1aCFtLXjownGhvEQlF,83
282,spotify:track:3IyPnNX142pvWx6D5CiimD,78
283,spotify:track:7rdUtXasA973gmrr2Xxh3E,67
284,spotify:track:0WqIKmW4BTrj3eJFmnCKMv,61
285,spotify:track:5zOnoB8FdZudDcPX4O8WqF,69
286,spotify:track:7DNGqrLnd07C2FPpAdn6cc,49
287,spotify:track:7LEydI5NfjY6mZfKwYIptZ,23
288,spotify:track:3KK3nLgrRdycpnYxPDVfMV,40
289,spotify:track:02q0ZnV2L4XByzEvWZJqBC,13
290,spotify:track:61HHDBLqF3AmSvLfHKNGd2,69
291,spotify:track:46NBoIAHrmR7qcUGCIFEjR,72
292,spotify:track:2nBI3iWLhupR7LyAJ5GGkE,72
293,spotify:track:0kN8xEmgMW9mh7UmDYHlJP,80
294,spotify:track:6dVa7xk5dOoT6pOkDw1TMH,72
295,spotify:track:3ROFgxvjni5xjdOLUSTLlq,6
296,spotify:track:27CUvggbN4O6ASZEsExeAi,71
297,spotify:track:3qGHAKgjQruzj6doKkyEb5,59
298,spotify:track:2DQ1ITjI0YoLFzuADN1ZBW,79
299,spotify:track:2Sru5y6R0mYhV9nEHMDWJ7,20
300,spotify:track:5dX8ECwIk0dgBTkqwPVZhc,71
301,spotify:track:7zgqtptZvhf8GEmdsM2vp2,38
302,spotify:track:4jH5WLjSoNW8t2GKjv3dn5,47
303,spotify:track:0o21KBZdbK4M0iY3mBwVmm,43
304,spotify:track:42nrX5b8ZUYRcw2puNY8tb,70
305,spotify:track:2lE6CIzmQvcF7Mo3z4k9cr,65
306,spotify:track:5KL4iZkCTZyXl7KnHgfVDj,70
307,spotify:track:0lLdorYw7lVrJydTINhWdI,45
308,spotify:track:17Fol0EIxmCYz3Q1uax4DV,51
309,spotify:track:2OALaHcDdKkjYEpAr0Qzab,64
310,spotify:track:14WWzenpaEgQZlqPq2nk4v,77
311,spotify:track:5mMRgTxoeBjEAZdBjPGvaC,63
312,spotify:track:4OEOEsOhlzDqQuewiuPJAc,20
313,spotify:track:7fwXWKdDNI5IutOMc5OKYw,78
314,spotify:track:3sJHkcxojoJD2Ytbo1yLLF,36
315,spotify:track:65kp3OFn7JXbCvkm3m2Ui2,65
316,spotify:track:76gUmNLXGQVOsGhfcshkFP,67
317,spotify:track:7xHWNBFm6ObGEQPaUxHuKO,79
318,spotify:track:4c8GOVLs54iFD5FtgPhYjA,66
319,spotify:track:7mkm8ry8rZEzJ9C5wQZZrY,63
320,spotify:track:2XW87Px99RlAkWSYYa9pPD,57
321,spotify:track:2FrnTVSHjgnEylKGdHRUK1,81
322,spotify:track:03G43mO3a34IGIsyDd4sj5,35
323,spotify:track:1vVNlXi8gf8tZ7OhnEs4VE,72
324,spotify:track:0B48113ZG9UfkWWt7qD9xX,52
325,spotify:track:3HwyNPs2e1iaD9slrimZ2Q,46
326,spotify:track:5XiZK7m9PLppgIzJBpw2x5,70
327,spotify:track:2ZyuwVvV6Z3XJaXIFbspeE,69
328,spotify:track:4B1rpPmQXwj78wk6aIGwwU,75
329,spotify:track:43RG7aUiRDmfc8q2vQfiFc,61
330,spotify:track:1GYC2YPKDsSQnEkaYdreeT,26
331,spotify:track:02WacdrRpm4zlP8H7X6bnQ,68
332,spotify:track:5kXCVnfbxfq5nKjAVvj3no,6
333,spotify:track:152lZdxL1OR0ZMW6KquMif,87
334,spotify:track:3xxa9QfzuEzuenGrhHsnTP,38
335,spotify:track:2Kouu3rnDZ5ZVqWtPEAsGo,22
336,spotify:track:4I39irD0xSyfRA099AsWow,8
337,spotify:track:0HEmnAUT8PHznIAAmVXqFJ,76
338,spotify:track:0gQZt3XejpmgwOjy4Lv7NQ,40
339,spotify:track:6yjjLcsfNqubWe5ecdTrd8,52
340,spotify:track:28KYBZXnvRk560ty8mdVIQ,59
341,spotify:track:7abpmGpF7PGep2rDU68GBR,55
342,spotify:track:47OVNnZJzIkrsEiZ4n187p,64
343,spotify:track:34t13rSSZtr22CjcmroMmh,55
344,spotify:track:4vy9kO8VN6pdmYTh2vV7EP,48
345,spotify:track:4sFbojhVXQv7dBC9PVCcRn,72
346,spotify:track:2fGxYYMQbVqgIdaqfz2OwA,71
347,spotify:track:43ay9lQZ5rfNcOOHhRF2cM,72
348,spotify:track:1ixphys4A3NEXp6MDScfih,75
349,spotify:track:6NoVGd3nTHsmBV1yduWRta,60
350,spotify:track:2ekn2ttSfGqwhhate0LSR0,92
351,spotify:track:3mkJigBxWd5DJUsRuwHG3f,58
352,spotify:track:3IkACj2ZEsmDLzhQNBW2XH,63
353,spotify:track:0U1bWpYC5uiUDX9ALasOvA,0
354,spotify:track:6KjbNLbRjuoa8rEq5yNA6H,74
355,spotify:track:3yg5lNA7zHQ0C7PP4OK4qo,37
356,spotify:track:3AFPGvRzeKeNJbIbLwcz4G,68
357,spotify:track:2HDacpEddhWjYTcADPIEQL,66
358,spotify:track:4YwbSZaYeYja8Umyt222Qf,77
359,spotify:track:2xbI8Vmyv3TkpTdywpPyNw,78
360,spotify:track:0HBU6FVLPLj01BCS7Jw3jl,44
361,spotify:track:7lwYNEUrDP4thCD6nQ4nBv,65
362,spotify:track:6ZOBP3NvffbU4SZcrnt1k6,74
363,spotify:track:2ZYVlxenokw8vF5Mnf4B7K,64
364,spotify:track:4wdZdkEugVVorAfzqRqC6N,69
365,spotify:track:2PcREcTtGiNTUCM4g2Qg4Z,63
366,spotify:track:5DA77EqppDmCTWGovd4oTP,55
367,spotify:track:5PIBgH1cUFwu5IiUk9tnN9,75
368,spotify:track:3slBHvoQcO8HjscbP2QKk5,66
369,spotify:track:0Ws8D3EWUDgY962Xftb0h5,66
370,spotify:track:2z4pcBLQXF2BXKFvd0BuB6,89
371,spotify:track:4STCTQ1h0VuWfvDyhGOxkv,21
372,spotify:track:4Ju3eLAfkGE41pVuMbzoWz,61
373,spotify:track:51PIvodunv6NmX5250zxAh,74
374,spotify:track:7vu0JkJh0ldukEYbTVcqd0,80
375,spotify:track:50msFiNJjsBfECIXyPMYxG,3
376,spotify:track:0OMt4Qyetdbw2eUEvKBdHH,69
377,spotify:track:36JI0KHc591i9liHaFqDFG,66
378,spotify:track:7EyvmcYx7WzeBi2cY9RmIi,75
379,spotify:track:3nWzRkoCa44adZZ00li9sF,66
380,spotify:track:6R0GRYk2vs2XuBVemYK5YZ,66
381,spotify:track:2rozzUGTRWqhTa2NzJAl8I,68
382,spotify:track:0qYTZCo5Bwh1nsUFGZP3zn,85
383,spotify:track:0lc70Jh2s1iOMuv9XIEhFy,64
384,spotify:track:0dA2Mk56wEzDgegdC6R17g,82
385,spotify:track:6sKAs2tdtTVTO2U0IgJAur,35
386,spotify:track:60W52880gVgufB5dC3KQvF,62
387,spotify:track:6fxVffaTuwjgEk5h9QyRjy,69
388,spotify:track:3B54sVLJ402zGa6Xm4YGNe,89
389,spotify:track:3ryjLm3oupIjJFGc39naNi,73
390,spotify:track:4Luzip43JUNRDJJR7l8bdb,57
391,spotify:track:62QGNJveZfFHO5VbtSWvYB,40
392,spotify:track:3VOtM6x5KXZuxSzHaaf9oO,70
393,spotify:track:6n8TMVyFKoUmDc4apxceRD,65
394,spotify:track:6IZvVAP7VPPnsGX6bvgkqg,69
395,spotify:track:4112T3lOi4mSSzOIi5BDwZ,38
396,spotify:track:4tCtwWceOPWzenK2HAIJSb,82
397,spotify:track:1BB9hv4471pPlNqOAnDglV,28
398,spotify:track:2aibwv5hGXSgw7Yru8IYTO,80
399,spotify:track:5tz69p7tJuGPeMGwNTxYuV,84
400,spotify:track:3OkFyfE2CGRfc4MqwAKdgi,61
401,spotify:track:5q5gzmbBS5yQzos2BvVr1t,72
402,spotify:track:0wJJhRgdHhT93Z3iWdMB0T,47
403,spotify:track:0GVuLQtPXFaL18ijEOqoAa,82
404,spotify:track:3gfmFoJgmn9LiIj5mV8oSS,68
405,spotify:track:4rpXhAsUczXLEQ3o3LIHOZ,40
406,spotify:track:5E5MqaS6eOsbaJibl3YeMZ,78
407,spotify:track:0KKkJNfGyhkQ5aFogxQAPU,87
408,spotify:track:75gU1E0ou9Kf8GBVwGs1Xk,59
409,spotify:track:0jVPEBd4wyHupkTHwzQRyc,62
410,spotify:track:3zHq9ouUJQFQRf3cm1rRLu,73
411,spotify:track:4PpuH4mxL0rD35mOWaLoKS,80
412,spotify:track:0JOUrhZGMCx3lk9VosAQWl,74
413,spotify:track:0eMPVm2NOd9WZWKotrQAal,43
414,spotify:track:27PmvZoffODNFW2p7ehZTQ,71
415,spotify:track:69bp2EbF7Q2rqc5N3ylezZ,80
416,spotify:track:3AqwdLkl62kRTE8TwXxeIM,58
417,spotify:track:6Ehy8wRUYjAZcMMRCxMZVM,68
418,spotify:track:6CfrYuD3YRDYdYvH9jNtXY,66
419,spotify:track:3xKsf9qdS1CyvXSMEid6g8,77
420,spotify:track:1X1ZAbYE69BjZO5IqnluhB,11
421,spotify:track:0BiGd2FNDQ0eh79ZHfp6tS,64
422,spotify:track:5p9ufaI7TwrlXtmiKCz3q3,68
423,spotify:track:7mldq42yDuxiUNn08nvzHO,81
424,spotify:track:3SqvR3HYLlCTYzbDXJ52OC,70
425,spotify:track:5dXdy6YR6lxxC3GxBZcRWv,46
426,spotify:track:4eP9Et7gkdPf6eeCRNal75,53
427,spotify:track:5nq1uTNIR1cBR72T87viS0,78
428,spotify:track:4Km5HrUvYTaSUfiSGPJeQR,81
429,spotify:track:2SYa5Lx1uoCvyDIW4oee9b,76
430,spotify:track:1D3ODoXHBLpdxolZRHWV1j,75
431,spotify:track:7ccz9p1ErD6Kq5ZSQmyvLm,45
432,spotify:track:4hXAK3mjFVFOOiJQ3rKAXi,19
433,spotify:track:0lMbuWUpfTWhEmOKxppEau,73
434,spotify:track:7LAhKXDNWwq3CmnFP3UIOP,71
435,spotify:track:3whrwq4DtvucphBPUogRuJ,85
436,spotify:track:0FDzzruyVECATHXKHFs9eJ,77
437,spotify:track:1UZOjK1BwmwWU14Erba9CZ,82
438,spotify:track:67fRHOlaYQQFG67D9DkdnW,60
439,spotify:track:2qFT2tvTY8ZsBZLeaFeEB3,69
440,spotify:track:0B8B8cVRFIG1yznoQe7c9s,59
441,spotify:track:0dJhKHDhqu1QYWfMy54G3F,55
442,spotify:track:6NFyWDv5CjfwuzoCkw47Xf,86
443,spotify:track:6a1hzBiTkgqTsDA0Xgfh9z,20
444,spotify:track:4Yf5bqU3NK4kNOypcrLYwU,69
445,spotify:track:6DLY67kmIKLI4k9ZGJLsIF,54
446,spotify:track:3qyeNnFY67zX6VmmIbzPsL,69
447,spotify:track:1xwOFILE3NSOydjlway2VA,38
448,spotify:track:41kE0bBBpwPUZEZKxSIROh,57
449,spotify:track:3TRFq09DUgYj1mug6RRqJW,75
450,spotify:track:70rYp3dhUBTz9Da3OgmlA1,66
451,spotify:track:1i0icYLUfMDAOGaTTN5aBu,15
452,spotify:track:7AQim7LbvFVZJE3O8TYgf2,88
453,spotify:track:2lDCU2DqTOkZp5O6fivJPX,49
454,spotify:track:6IeK3Ap5m3HabwJxgI6eSE,38
455,spotify:track:0OVhQZkNe7lh0fQeH96EFW,61
456,spotify:track:6lanRgr6wXibZr8KgzXxBl,80
457,spotify:track:595g9radEgBTFMgAh09La8,31
458,spotify:track:468Jl0mOuztlhQDKMhO8Rq,4
459,spotify:track:1XIq3VURXVMtjlOocIciAj,30
460,spotify:track:7kCEiaplcEUidN0FJeT9XV,48
461,spotify:track:7qs2GAglLWfxEfmO8u2u0A,60
462,spotify:track:0ZoHHROTzwIYeNAHRPedTY,53
463,spotify:track:5rAxhWcgFng3s570sGO2F8,68
464,spotify:track:5Z3GHaZ6ec9bsiI5BenrbY,90
465,spotify:track:4K1vOdIFqskQv3zoI0FdAk,71
466,spotify:track:550rQQCGkrTzvp4SfpOPzx,68
467,spotify:track:35QZaWQRkmnAVqBF1TLCxQ,77
468,spotify:track:4bU7syO13ky3ZGJRSXg64S,63
469,spotify:track:3dJj6o9o1fRgrojWjailuz,67
470,spotify:track:1tp1xMJ1uaOktksskS0Fzs,33
471,spotify:track:4d75stQ2jRfq8lzaqhFFKs,27
472,spotify:track:0QjewL57d6QobAvn1JoQd9,66
473,spotify:track:46HdsiK0uR26B2dY9QPzda,75
474,spotify:track:3O7p9Itz8PXUoAjD2vmuM6,60
475,spotify:track:4TjJKRHSQSoYd5I2YZpYKB,0
476,spotify:track:5ud4C9PMcwOUnkk4AVE25V,21
477,spotify:track:1hhJ1XSIvrgzluHV14c9NN,27
478,spotify:track:0sI6yJ0MK7U7VZAjlh1JwY,39
479,spotify:track:7yYOMPwpV5CsK0cxoAZT6B,76
480,spotify:track:343YBumqHu19cGoGARUTsd,80
481,spotify:track:6vxHp3CDNo0afgKGp2yi1E,72
482,spotify:track:40BLjs2r1ccJrZfsjezsbu,50
483,spotify:track:70cTMpcgWMcR18t9MRJFjB,74
484,spotify:track:7A3rNO7cmVKM3boOmIBwtj,60
485,spotify:track:3FaqBbYj8arTCdhVABY8mB,62
486,spotify:track:7inXu0Eaeg02VsM8kHNvzM,56
487,spotify:track:4ieWnZxkolHTJcintQuCj5,38
488,spotify:track:3xmfi7nXVWFFN706CBTAyP,57
489,spotify:track:6C7RJEIUDqKkJRZVWdkfkH,78
490,spotify:track:6u0EAxf1OJTLS7CvInuNd7,85
491,spotify:track:6NWl2m8asvH83xjuXVNsuG,88
492,spotify:track:4JrF3Jt4deLIJPwlbsZCyv,48
493,spotify:track:4USHZ3omhEBGjHLD9BIJYs,75
494,spotify:track:2ytH5wDuqhgLTiDVYioteq,59
495,spotify:track:5EnYT6F7wEcdege6mDHEfO,75
496,spotify:track:2bJvI42r8EF3wxjOuDav4r,80
497,spotify:track:0xj6N7cZjyR1J3JOyM12gF,47
498,spotify:track:6sDQ4uiWw9OdVrCXFLSlZt,76
499,spotify:track:0prNGof3XqfTvNDxHonvdK,76
500,spotify:track:7eTkIKmFgeb9MQmkTC2jCi,46
501,spotify:track:2OggiWqL8exckT6kOrcDuA,37
502,spotify:track:32OWobmyAz8J2qA8iWekyS,58
503,spotify:track:4xjjK4bVq0EUMAuMXoBBVA,36
504,spotify:track:1oNtIPC2XBWpE7A1x9YjQi,72
505,spotify:track:3FDrI0FLKzrYQiWxPhqV2W,75
506,spotify:track:2hPLfPxvRUfXKNGD3VcJnT,25
507,spotify:track:7ruaJ8big0EWR4EWtO0Zbl,50
508,spotify:track:65Q2mv3UlVi9eO70OpsmSe,34
509,spotify:track:5Htb1uFQ1KrkFXlefS8oGj,79
510,spotify:track:6FcQD1qOpqV8NdhY45sKyI,66
511,spotify:track:5wYLW17fs9JOolzR2W3AmM,60
512,spotify:track:5WNYg3usc6H8N3MBEp4zVk,75
513,spotify:track:3AEZUABDXNtecAOSC1qTfo,80
514,spotify:track:5yjEDJNnBbHU3TLAiPvwJs,36
515,spotify:track:0W363qrIc4GwuwOqa0WAEO,73
516,spotify:track:3cfOd4CMv2snFaKAnMdnvK,76
517,spotify:track:7f0OQD12uYSId1zXK3RRI1,29
518,spotify:track:6uFsE1JgZ20EXyU0JQZbUR,44
519,spotify:track:6fujklziTHa8uoM5OQSfIo,76
520,spotify:track:0ZEhlT9v8CdOKu55zhYGv9,70
521,spotify:track:7Kq16WtEJzdRSNQgdXsn7Y,74
522,spotify:track:2VRssqds7rRNb4eaG9FaY8,54
523,spotify:track:4zNk347FJz4yDDcjUhJJMI,61
524,spotify:track:7N118VYdB5NbtnDhsmmndA,48
525,spotify:track:2Ny6TS3vPVwx5PlJXXkLUW,4
526,spotify:track:3HtQE58Fru1nYw5ulAJECs,53
527,spotify:track:7aiVBCp1ibIWE5GeHkbtxr,34
528,spotify:track:3ebXMykcMXOcLeJ9xZ17XH,85
529,spotify:track:2Gl0FzuLxflY6nPifJp5Dr,81
530,spotify:track:6OuV4vfyb8v3vGGGksqyKf,46
531,spotify:track:69MuDgCcfrYvnxkxFJ0pEN,17
532,spotify:track:2S6XaXkxQbmtWTwmHeQwIh,36
533,spotify:track:6F0fXw4G0dqRWJnvWPZM67,70
534,spotify:track:31MkGwj0SWgZaTvEt5Hgxv,79
535,spotify:track:0QsvXIfqM0zZoerQfsI9lm,42
536,spotify:track:5ommnX8qOlbjRspCEFkn57,58
537,spotify:track:0BCPKOYdS2jbQ8iyB56Zns,75
538,spotify:track:7iV733e1KacKrFRaBNxVEf,74
539,spotify:track:0or0gNaKAXYYCsOrpvRzAu,71
540,spotify:track:3a1lNhkSLSkpJE4MSHpDu9,86
541,spotify:track:4LwpgaZ3Anb5JAfdm8Ad7H,29
542,spotify:track:5xGH4fqJwvMynXn3dcmbpr,58
543,spotify:track:5edBgVtRD0fvWk140Sl21T,80
544,spotify:track:6f8b6mxNNDJdE5tC4MCTxt,79
545,spotify:track:7tr2za8SQg2CI8EDgrdtNl,74
546,spotify:track:4hiUYb2nb6NlfTP9CD38Pe,68
547,spotify:track:1j4kHkkpqZRBwE0A4CN4Yv,89
548,spotify:track:4BHzQ9C00ceJxfG16AlNWb,73
549,spotify:track:1Q1Lz8shbr2AXR8zKReTqd,71
550,spotify:track:5P45FGGEl99tHmKx6RaP9C,27
551,spotify:track:00cbRAOr6wTPE9WBMejhiM,59
552,spotify:track:2Btu40NVlYwZJ4kiPW5aYu,47
553,spotify:track:1ZeDWXJnkZOLOmbGEOPSMe,50
554,spotify:track:2uQl5yUZ0rKuXV0DmndNsw,44
555,spotify:track:1sXUWdKx03aP9Gmzft58rt,77
556,spotify:track:6OZh916QF8XNunWaP97WEZ,77
557,spotify:track:2I1dZfAe4mgC3WtKWpgKAo,43
558,spotify:track:5z1oKKZ3Zc6ruukaTfDxNN,8
559,spotify:track:7KOlJ92bu51cltsD9KU5I7,80
560,spotify:track:6PGoSes0D9eUDeeAafB2As,85
561,spotify:track:09S64DUkxIX9EwIaULu6yN,73
562,spotify:track:3eR23VReFzcdmS7TYCrhCe,84
563,spotify:track:7gZQfdEQpmwAoPHSbEHzms,69
564,spotify:track:7w87IxuO7BDcJ3YUqCyMTT,84
565,spotify:track:28irpKCCK9nn9DZSik2zEx,63
566,spotify:track:0L7loeTIg6akW84aEQZpCT,32
567,spotify:track:0xLCa6dp0wmDUhkDGKzDpv,73
568,spotify:track:3hB5DgAiMAQ4DzYbsMq1IT,82
569,spotify:track:3GzzvKNewQi4v5vHf6y5rK,24
570,spotify:track:6XSYMtvkAuRdnQm0F7i3Bq,50
571,spotify:track:7JZP7kQsuFFWOrtAI7uNiW,46
572,spotify:track:4gqMQftUs22F8pOGVn5Acr,58
573,spotify:track:4dqysiyUKqZLWnMXmjMXN8,25
574,spotify:track:0fg8CqpjdojMyXLNzM2PaJ,53
575,spotify:track:4HmdjeoaTqjb0NmNXvXr3t,42
576,spotify:track:34isqXjbTstbYwl2MfdzDq,66
577,spotify:track:2OQIe5l7CJD8cys3MDJuEo,25
578,spotify:track:7dIR2ZUuZ3Y3B8rjAusujc,49
579,spotify:track:0g02kBdq3iWI4HNArqEgBe,37
580,spotify:track:6kex4EBAj0WHXDKZMEJaaF,85
581,spotify:track:5kde3lf0Dm5Epkb1R8hEhI,39
582,spotify:track:43hDboyy6vJ6z2Jx5sHnCF,62
583,spotify:track:1KTu92zFjElqc3h20XCwE3,64
584,spotify:track:6GifecgpowoFIJCJCBtR8l,52
585,spotify:track:53mrVsi49rLHIaKBiSvElG,73
586,spotify:track:7wBrglFVTNCcW6IhdgBkm1,36
587,spotify:track:4b4KcovePX8Ke2cLIQTLM0,76
588,spotify:track:1ZyQGXH9dZ4AecevHhKUxi,75
589,spotify:track:5p3NP9mQblDsVJLdfNZJ3I,69
590,spotify:track:5q9stUg2W38X9PyzgIOdhH,58
591,spotify:track:5L0ueAS6Ohwi2GEsw7a0Hn,38
592,spotify:track:15dnkAHcHC0vrIUlbiPiqU,50
593,spotify:track:2xt2piJx6jlFkjS77YiqpL,43
594,spotify:track:06R0AVKrZM91OJf1ubm80d,56
595,spotify:track:3T7dNA7O8c3Axj5WyDNcH3,48
596,spotify:track:6g1NlCpW7fgqDnWbCCDrHl,83
597,spotify:track:5TysCiZtv1HnSWcTcUFusI,84
598,spotify:track:6JV2JOEocMgcZxYSZelKcc,81
599,spotify:track:0BJwrbkZKf7KwlwBOJbD8i,65
600,spotify:track:19WjVVgXjdKXfLXoaDPwTM,38
601,spotify:track:7yyRTcZmCiyzzJlNzGC9Ol,75
602,spotify:track:7bJwvubZZaoGE1AGEfu8Fi,53
603,spotify:track:56RVUAFH9NF8zhTZ5A9KVF,53
604,spotify:track:69f1steoIMhN1skPkBR6rB,71
605,spotify:track:6zOTeFx7PVMWWoew9WKqft,36
606,spotify:track:0ToVWEmfWEb0vxGCucbMKb,16
607,spotify:track:2AUvXXgYuNFJMCPdhxONfa,64
608,spotify:track:1cOyWWUr3oXJIxY0AjJEx9,70
609,spotify:track:4rwqrKdwlFWJ6LvPYaOtgn,68
610,spotify:track:6sjGsKuInpaK3uoaWGe22W,23
611,spotify:track:4E5h59QIoN0vhfeEPMFTZw,41
612,spotify:track:14EgW52HVqnLHd30bgbPxg,73
613,spotify:track:3abKAw6reL2U3vhAe98ZsY,65
614,spotify:track:05KOgYg8PGeJyyWBPi5ja8,71
615,spotify:track:5JUu0unA8VwhTZ9LkMWUVI,66
616,spotify:track:4kfm1uI9QGaoN9qm6CkAMn,33
617,spotify:track:5Ua3GXyHwiSfpNTMjq6m2z,34
618,spotify:track:7lWjzmBYNBt3OFA4ufUyPV,9
619,spotify:track:1iEwyiSLAunPR6uouANE0O,72
620,spotify:track:0dj1CtyRxZ4bnIT4Q20jNT,66
621,spotify:track:5u6vkDnOyaf8LsteDAj2ub,82
622,spotify:track:0NiXXAI876aGImAd6rTj8w,71
623,spotify:track:2EoOZnxNgtmZaD8uUmz2nD,72
624,spotify:track:3pzwWCaAlNbYrZSECmetFp,44
625,spotify:track:3zxrecYFao03IrrcyFiaMU,76
626,spotify:track:5Db9VIdDsN5yu3Eu7CT0i4,77
627,spotify:track:4EDV8s0WpNfW2wIU7wElLQ,60
628,spotify:track:3g7SvCfzTu23cZpKwcEVKq,39
629,spotify:track:7BKLCZ1jbUBVqRi2FVlTVw,87
630,spotify:track:0VJYhKhrHgJ7fgjGaC2k07,67
631,spotify:track:5OOkp4U9P9oL23maHFHL1h,73
632,spotify:track:1sTUEdVO85YU8Ymk2jeAls,54
633,spotify:track:2eOleVJlGvBE027wpnYt2H,56
634,spotify:track:2svutFGaCycRmYc1mWbfQh,63
635,spotify:track:7tx0NDsCViutjOyd1c4A28,58
636,spotify:track:2WfaOiMkCvy7F5fcp2zZ8L,84
637,spotify:track:1R17cgUv6HeQFa78dzqb7s,55
638,spotify:track:7oDTApxHeWzTQOR7GPPxw4,64
639,spotify:track:67M8Sg4R7bEidOf0cag0Ld,57
640,spotify:track:0n9lX8fTGbGMencldWHGuv,35
641,spotify:track:5i66xrvSh1MjjyDd6zcwgj,66
642,spotify:track:2NHSYwGkAvPHzCinY0KwXo,71
643,spotify:track:079gLi9aLvk79QNv3ovswu,55
644,spotify:track:0k2GOhqsrxDTAbFFSdNJjT,76
645,spotify:track:3rq5w4bQGigXOfdN30ATJt,61
646,spotify:track:5DAjrJqXqYtgr67pVhmUeR,65
647,spotify:track:65MOTX6uSFAnqXl7dlAuId,12
648,spotify:track:3RGu8I21FfgSTTNG1tgPJo,34
649,spotify:track:3ojTJaonfkL96iIWa47SU3,73
650,spotify:track:0JdKraw5FJpJv0MxK61QET,46
651,spotify:track:30h5dyVGfjoqFNBmSiS4UG,56
652,spotify:track:43epYqKC8pSomHmxLLCPEY,41
653,spotify:track:5TvE3pk05pyFIGdSY9j4DJ,68
654,spotify:track:2091VoRuYGLceKmindxKbH,44
655,spotify:track:43it4kot08akLzFIEMhXNN,29
656,spotify:track:2habSXqcJGExM6JJyskY7O,70
657,spotify:track:6tjituizSxwSmBB5vtgHZE,42
658,spotify:track:0FuTx2s3YH1ppmtiM6l0zI,32
659,spotify:track:73Xse6b8JTjZaflERxKyCc,35
660,spotify:track:2tn9zXqIZJbgL1swqwOktz,67
661,spotify:track:5rnFOEEIBIWZ6dhHrY6zHh,51
662,spotify:track:7k3SjypJ8lF9WWu8Op0We0,72
663,spotify:track:4QeBlVCl2KzUEcQZiuskRd,68
664,spotify:track:3ibRxEv4KkcU9e259eyNJA,55
665,spotify:track:4VrWlk8IQxevMvERoX08iC,79
666,spotify:track:0OI7AFifLSoGzpb8bdBLLV,83
667,spotify:track:4sr6EQNb6yYKCY4LL35XrV,43
668,spotify:track:1Vej0qeQ3ioKwpI6FUbRv1,73
669,spotify:track:5Nxu5p2mAwMdpCGMuuSWnz,43
670,spotify:track:7noz6lydFxH30fneHwKMvp,31
671,spotify:track:6i0V12jOa3mr6uu4WYhUBr,82
672,spotify:track:66LhCsc06aTa2Ig7iYPDSP,56
673,spotify:track:5XtO4cCXIbQMjIJrqEzOfK,34
674,spotify:track:6ariFR8E7Z4WhjS6riI1Yi,69
675,spotify:track:2vo99E3hn9FtSmkkry71II,56
676,spotify:track:4CTjql34LKCJy5WOSgEhvA,57
677,spotify:track:0DiWol3AO6WpXZgp0goxAV,75
678,spotify:track:7KhBQ6XFeAGrQzyT28MWvP,59
679,spotify:track:2e6L8mAClebcUmNi1HkyyP,43
680,spotify:track:1Je1IMUlBXcx1Fz0WE7oPT,81
681,spotify:track:3d1pq5YK7a79vV2SYwCAqG,57
682,spotify:track:5XQMr19TL7Mfksq9zihbOu,79
683,spotify:track:5QpaGzWp0hwB5faV8dkbAz,73
684,spotify:track:1yNyoWWWikbLhwIGWjZuDW,30
685,spotify:track:4v29A51TqtD2KFSskXai0X,50
686,spotify:track:0zCfmceT1YvtZXGbR6Roht,68
687,spotify:track:4hgbz1Hzwpu0zQjcDiZfHa,59
688,spotify:track:2Z8WuEywRWYTKe1NybPQEW,83
689,spotify:track:3YnOEMNkFgxivVVBrPciDR,52
690,spotify:track:7iDa6hUg2VgEL1o1HjmfBn,96
691,spotify:track:72i5s3SBDEkaRUOgUTlkfO,67
692,spotify:track:4WN9xLkAeINLPLaoeZ9ZW9,39
693,spotify:track:7AiLSNuwIyeaqrHeT2RptO,33
694,spotify:track:45MUoiWHeBc8DCbIWY0Rw6,44
695,spotify:track:0RFFFGtPn6a58RHY3ccVYX,70
696,spotify:track:2mfUa8bLs2s5N4VaqJZ4lZ,79
697,spotify:track:0uuEqOyKlABOB7hzWKcEeG,66
698,spotify:track:5HABnFSYvl6mTmg8nSdzHa,72
699,spotify:track:7o9uu2GDtVDr9nsR7ZRN73,70
700,spotify:track:66QK2ov3jneXmdquV0JpZ1,53
701,spotify:track:7gVsaKhgtMrbs9rrZVCxYU,57
702,spotify:track:1OXglmeAng5wDKDj769wQz,27
703,spotify:track:60a0Rd6pjrkxjPbaKzXjfq,84
704,spotify:track:3zl7j5ua8mF4JDYuxrfo01,76
705,spotify:track:16pwlVsypm4aDKMhXdOuXg,72
706,spotify:track:7EEYVAqbZWNh4nKUUoCUMQ,55
707,spotify:track:4JmgbZqnfpQ4pn2OKHgSJb,51
708,spotify:track:3VTNVsTTu05dmTsVFrmGpK,56
709,spotify:track:6eIygPhGcBFKKcxlGTJlY0,62
710,spotify:track:0Ie5uiv54KgCr7P4sYDTHl,47
711,spotify:track:7oVEtyuv9NBmnytsCIsY5I,72
712,spotify:track:5ASM6Qjiav2xPe7gRkQMsQ,42
713,spotify:track:7MMRoGvm7uhoUVhGvHJ3yW,75
714,spotify:track:0UeYCHOETPfai02uskjJ3x,69
715,spotify:track:05X6aMCQR09E6smUmw9qms,39
716,spotify:track:7lQ8MOhq6IN2w8EYcFNSUk,74
717,spotify:track:4RgoqOBE34Q6zZj8K7RUAx,65
718,spotify:track:6iHkZiRJcULoqasbboOgig,72
719,spotify:track:3OEer2dQj1eWhSqxatGiru,71
720,spotify:track:2Fs3jrnxAnPsiKmD3b37FE,59
721,spotify:track:3CE1HoJJ0FVKo7JHsWIuvC,68
722,spotify:track:66kQ7wr4d2LwwSjr7HXcyr,68
723,spotify:track:7JhTr0G0gr3ESY3B9uqPi4,66
724,spotify:track:0NXbteSHrnUtx0WJjjWpR9,27
725,spotify:track:0gb1J5UrTpzaU1s3nupgCd,76
726,spotify:track:7bXkPPbptj2Nt5JUYlHbQv,49
727,spotify:track:3BgvCj5oUc8jpL8YCB9y8S,27
728,spotify:track:0PGt0IZBKa2dqplgnuVyV9,29
729,spotify:track:7y4JznkAv2W3IKw9T1o2VK,76
730,spotify:track:6pyzBTIjcO2AMkKE6x2Otb,76
731,spotify:track:5kRPPEWFJIMox5qIkQkiz5,78
732,spotify:track:5uCax9HTNlzGybIStD3vDh,86
733,spotify:track:3pHVw07mE2qW49MjcaFtzZ,4
734,spotify:track:64GRDrL1efgXclrhVCeuA0,73
735,spotify:track:6r2BFEIErNwG0owW4rOQB8,62
736,spotify:track:0jdny0dhgjUwoIp5GkqEaA,76
737,spotify:track:2LTlO3NuNVN70lp2ZbVswF,69
738,spotify:track:57rK1NeRR8bDI32Y4Smzsp,56
739,spotify:track:5v9N8Rx3QsFvr50cxyQcA3,52
740,spotify:track:4mYQqRAN5xTubTvZybrWFm,4
741,spotify:track:6Zb2c4lkhi8wZGz0ElLmte,46
742,spotify:track:3WR3mQ8SDjJgxbdOFrqfca,40
743,spotify:track:5jVhbZ3QybBB0tdwOpJZ4R,22
744,spotify:track:6pVW5LRWgeLaHudxauOTJU,30
745,spotify:track:6Mer1LOfJDd7vUbeWXODrq,55
746,spotify:track:6ju3FaV3aVLzGzwERKZuFK,54
747,spotify:track:6IcrwGdIvRsrImOnoYfG9Z,42
748,spotify:track:0lvEHeYsJbxcKKQzg9V5Zz,49
749,spotify:track:3CRDbSIZ4r5MsZ0YwxuEkn,84
750,spotify:track:3lIxtCaROdRDuTnNBDm3n2,62
751,spotify:track:1soqQ9EVU2dZ8LF2yFEpsO,27
752,spotify:track:4EgXFHCpStvqyh2GEyjCih,50
753,spotify:track:772io14jrMTxGJbijtDccQ,57
754,spotify:track:1cG0umU5TKStygKsPFZ9pY,74
755,spotify:track:0tICYNayWWhH9GPeFrfjfD,78
756,spotify:track:3nbtUeypf5UJvxBNA9KCJD,56
757,spotify:track:3bWZoAaUDrLk0yLthtKSbl,46
758,spotify:track:3bp5fh0qPmCqC5PWEewFkm,67
759,spotify:track:4svZDCRz4cJoneBpjpx8DJ,72
760,spotify:track:02FKjeU8CrA2ckppBa5RJg,61
761,spotify:track:73VrGWg4I2DJiWXtbseyiG,25
762,spotify:track:4LeP389CNcbrQX8ZECZlPw,33
763,spotify:track:1Y6a3QXvOQ9HC7fqUqwTwU,18
764,spotify:track:1mKXFLRA179hdOWQBwUk9e,76
765,spotify:track:19Ggp86mkEnRw93u91IJPO,59
766,spotify:track:72jbDTw1piOOj770jWNeaG,76
767,spotify:track:6HZILIRieu8S0iqY8kIKhj,82
768,spotify:track:2Vhd5uZB4brKHmM0MNxkZo,66
769,spotify:track:4CBGedl3oGI6BkLr1v294h,34
770,spotify:track:1Xp8MKmfoFDib6dHM6JF53,57
771,spotify:track:0EpFfFZpCuqYFzHvxOtrZS,67
772,spotify:track:0a9b4sUavOWgyc9jeScv7Y,65
773,spotify:track:3ZiuxcBeRanTjfHzVBuuQe,65
774,spotify:track:5AE9iVHWiJLY5CUKmvXkKd,11
775,spotify:track:498YWgZPJWIA4lphXtCNma,35
776,spotify:track:4xBjsLUSjcx2h7PcRikpQp,78
777,spotify:track:4NJpJ17Dgm5r4OYExFbxLk,70
778,spotify:track:046V5BNnY8IRvy9byXKSxq,58
779,spotify:track:0tgVpDi06FyKpA1z0VMD4v,93
780,spotify:track:5mCPDVBb16L4XQwDdbRUpz,82
781,spotify:track:1P17dC1amhFzptugyAO7Il,78
782,spotify:track:6FpjY7iSwJVrDqUz3EbZj7,42
783,spotify:track:0CcQNd8CINkwQfe1RDtGV6,66
784,spotify:track:1gVgkQFOKa8Wc1HYsJtPdH,67
785,spotify:track:75otNO0cdT9qt9tg6aclMu,39
786,spotify:track:09aaq7feVx9Jykdw0f00QU,6
787,spotify:track:5o4yGlG0PfeVUa6ClIyOxq,75
788,spotify:track:6ZaNMjFdBnpEXLflgQIHl8,37
789,spotify:track:5kdTuoKeqdnblCop75wMuX,63
790,spotify:track:3n58u3LOFw8mITLvfPvQBz,52
791,spotify:track:2nY6MRHWpW0AGXMoGDJOjX,71
792,spotify:track:4c2W3VKsOFoIg2SFaO6DY5,83
793,spotify:track:0vwd2PdzIUfVJvQAv2Aai0,53
794,spotify:track:4OaTpLJIa2harufGxfOPUu,62
795,spotify:track:6W6ijKiufUsBBcgJPKis6T,76
796,spotify:track:6riQuAkwS7qaOLkcCnyiJ4,46
797,spotify:track:5r011NB07RHjABbuVGVIbd,63
798,spotify:track:2hqycTvN1LuEOaiHvTjMBf,50
799,spotify:track:2nvC4i2aMo4CzRjRflysah,71
800,spotify:track:3YU6vJbjYUG0tiJyXf9x5V,72
801,spotify:track:4AFgK4wP1iD5i8BYaLr9Vf,72
802,spotify:track:5aAx2yezTd8zXrkmtKl66Z,82
803,spotify:track:5vZfgeDfNhlkKeJqjzSAmg,68
804,spotify:track:6dSKDp21S6I5UOhDqjw4kB,47
805,spotify:track:7JvOGQbMHOcOnz4riGimUb,48
806,spotify:track:5huhTBZco7UxXDqCIwlQ2s,56
807,spotify:track:7pcTLUekZJQnzDOUDuExVJ,62
808,spotify:track:3iTi975Q6qnoRKrBL1FNsl,61
809,spotify:track:2nYwV62UABTH0NanrwVIdQ,75
810,spotify:track:107CfwBqfICzcKur8k7UCA,67
811,spotify:track:1mqlc0vEP9mU1kZgTi6LIQ,50
812,spotify:track:3mj6prXmzqkj3PA3lg5ySK,29
813,spotify:track:7oK9VyNzrYvRFo7nQEYkWN,80
814,spotify:track:3ncgNpxLoBQ65ABk4djDyd,89
815,spotify:track:1RwoXmQ3RvIdfG8bLeX65g,69
816,spotify:track:3565kZKhcwMDL6yKdN5JVR,51
817,spotify:track:1F50p11EdNLZ6XZF8gUY8P,38
818,spotify:track:1YSy6FPL1KMTWgb0ht4rMG,33
819,spotify:track:1wC93sZRGcTgKLN2UWRSwW,69
820,spotify:track:5LABCxgmP7DATATIJXOh6n,70
821,spotify:track:7floNISpH8VF4z4459Qo18,81
822,spotify:track:5wY7ZogIkopqocAjGeyzPO,45
823,spotify:track:2xGjteMU3E1tkEPVFBO08U,80
824,spotify:track:1My0Hfu5dTCbYisBk9ZRGr,74
825,spotify:track:4WLTCEwzaXXSVdkef7dkCm,33
826,spotify:track:5xlS0QkVrSH7ssEbBgBzbM,48
827,spotify:track:1PSBzsahR2AKwLJgx8ehBj,34
828,spotify:track:6O3QwvHNwYIu4T7yHmf15a,31
829,spotify:track:00lNx0OcTJrS3MKHcB80HY,79
830,spotify:track:54LGxQGf5LPXNGjtzDZ5IE,68
831,spotify:track:6EjAocmBEiRJcMU7runbCX,1
832,spotify:track:3Ytr1SUCUi6J3L9dRFx5iH,58
833,spotify:track:2zjEMw9kkROEbAxIXk6Ivp,17
834,spotify:track:4dVpf9jZjcORqGTLUaeYj9,87
835,spotify:track:007d7JT41sSc1HqWTs4uw7,16
836,spotify:track:3DX4Y0egvc0slLcLl31h2p,48
837,spotify:track:5TBsLU9TSxjDLzMpsEgJsv,66
838,spotify:track:1gWJ4zaBSkyICr7wTEygS9,26
839,spotify:track:1rsAFUCa6BVMgRQ3FCQQsi,77
840,spotify:track:0wyuUpkWLHL02Aes06H9Om,25
841,spotify:track:1A3yLIqelu1D7MCtw06Cu7,55
842,spotify:track:5ChkMS8OtdzJeqyybCc9R5,84
843,spotify:track:6JSryEdVJTZq6YBn3wK2sn,62
844,spotify:track:1xznGGDReH1oQq0xzbwXa3,84
845,spotify:track:3SdTKo2uVsxFblQjpScoHy,79
846,spotify:track:2Cth0v1xri32oZ799rL3rl,4
847,spotify:track:7CRVv14VLogIh8BZLcRpJM,67
848,spotify:track:1fiwHsiitsbudIjFgmzrM4,63
849,spotify:track:15coTBAzEN1bOeipoNDZAR,28
850,spotify:track:0v6L0IaWRSVwMPsbqhxoZ7,50
851,spotify:track:1CKd1PnqfYx0H12V9MSaIY,74
852,spotify:track:54ASqOnnhFprbsGtNg9IEZ,27
853,spotify:track:1OAh8uOEOvTDqkKFsKksCi,83
854,spotify:track:3RRkd1ShkedrtLq8F5XqbT,28
855,spotify:track:0n2bvWvMwr0gbjcuTm92eW,20
856,spotify:track:3FQCJI2t5LTbsRPfYVBSVB,70
857,spotify:track:2pMdoSYHAQ7M262ZG3JL0J,0
858,spotify:track:5Sf3GyLEAzJXxZ5mbCPXTu,76
859,spotify:track:4QrfEUAzBlO1elXxOBQPUg,46
860,spotify:track:5zbPPtpSfA5GQ9C1Ya3rrl,64
861,spotify:track:4jwEnP2fQnNWSgqkOcYVIN,50
862,spotify:track:2MK8xQVIFA81r32V4E1MkT,67
863,spotify:track:114qi5XMfRkOEf9hR4gaVr,38
864,spotify:track:1viwBF6rfK3AjDwoVLcUXq,30
865,spotify:track:41XCLKG0xl01mGprBDtTNS,42
866,spotify:track:6dxU7Xf9j2yNI7aCcT8W1g,58
867,spotify:track:7nwhC8S5czxTRLhTKpKD9T,56
868,spotify:track:1m69ELEgE6k5ZWsap40ozt,87
869,spotify:track:6Nle9hKrkL1wQpwNfEkxjh,78
870,spotify:track:3FgTps6uIQvc4aGCk9GreM,20
871,spotify:track:7IvsuFIqe5vB6W9GrswYtj,51
872,spotify:track:15ahYSiHAIMxAnujlXVtta,70
873,spotify:track:5nOEztZFkqhlwyBk3fzAPT,54
874,spotify:track:7rl7TNsfJiJJ3BY47peVSm,50
875,spotify:track:5qmR4IEKBUpgPa14pGuWuS,63
876,spotify:track:3vAncbML0jhNrp63DKhsCo,60
877,spotify:track:2DQHzXM5eKjunrgtcnsefC,46
878,spotify:track:3iRT3kNY5h4K29THDNwNzQ,52
879,spotify:track:6GNifiuBPrKFpwNBYnooFm,77
880,spotify:track:0xl1w2q4VLojeXp4JfazPL,70
881,spotify:track:0hNduWmlWmEmuwEFcYvRu1,77
882,spotify:track:01iyCAUm8EvOFqVWYJ3dVX,73
883,spotify:track:0jSMnY1V9iLW5dJwC6PQly,21
884,spotify:track:0Q4UnABWc02jPFQwzx96EJ,50
885,spotify:track:6AUjCREDPemltXCgUFNKhM,49
886,spotify:track:1xIVMdpZ8D7kAYsfBdsXZY,53
887,spotify:track:1dxrqZVEdoPUoO0VSOz0Yp,57
888,spotify:track:2cTKuxpHcPzDFRbbhE2WxP,46
889,spotify:track:0prwCihRoIg2yvGpdiNTKr,51
890,spotify:track:4Lxo85WV35D46plJvewWj0,58
891,spotify:track:7yO48FWUkqsrdxrwkGcnwl,63
892,spotify:track:3WR4pU96KUOlAOTgYCefdH,52
893,spotify:track:1839RWzPRZCVgvamu4sHSN,74
894,spotify:track:5SDCeGVT08a1RMXIBJF2O5,4
895,spotify:track:3DPVWMeTHfzgEGIEclG970,26
896,spotify:track:3QKOeXulifabbeVYqFEYLG,65
897,spotify:track:4iln0giJrfqie4FildAxFT,42
898,spotify:track:6PCUP3dWmTjcTtXY02oFdT,83
899,spotify:track:6b8Be6ljOzmkOmFslEb23P,83
900,spotify:track:5YY7ht3PCArlLjLbcTiAvh,76
901,spotify:track:5tf1VVWniHgryyumXyJM7w,80
902,spotify:track:3nowfjwegM5e8lZFIZs5AR,38
903,spotify:track:7q5agbUOzZnVF4Yes3AD7I,77
904,spotify:track:5ZX1X9Rl4zbx1Wwyn3idVD,69
905,spotify:track:0lmdsH1MIoLsMymnNpd6HU,58
906,spotify:track:56lBX2WHqfGuoeZxZvUnVj,28
907,spotify:track:7mR6AryFz9a5TAAHAtbBD7,32
908,spotify:track:4YVbLto1w4dEKXjuZxlGRQ,40
909,spotify:track:7MYmo0JJJDmu4MZTSAF9y3,58
910,spotify:track:1d0c62VFYauOOgxZ2eFUxx,79
911,spotify:track:10GJQkjRJcZhGTLagFOC62,78
912,spotify:track:17Fd6Yb7mSbinKG8LoWfFl,77
913,spotify:track:1crSsvtU9wZB15dIQXV2QH,65
914,spotify:track:1kusepF3AacIEtUTYrw4GV,70
915,spotify:track:6kNMg11e0ApnTmExdayfA1,59
916,spotify:track:1bfPwJtmZdqv6MPY5Wr7eH,70
917,spotify:track:2Okv1MY4rnI3hHyDXqOdvs,44
918,spotify:track:5xNUR50KxswPRAvx7S163g,83
919,spotify:track:0r8cXiw1PpmJ41vKVuo8UE,37
920,spotify:track:26K4tbF6waeJzo11e3JDo8,20
921,spotify:track:0MfVTButkC0WU7aUcIskU6,61
922,spotify:track:299lFlaAsNQdgbIZNPmIA0,45
923,spotify:track:3aLSrx8qhssXrh5yjB6oy9,76
924,spotify:track:3ZiRKBhwdgakfj1HBoBsNP,5
925,spotify:track:4VuS959DSpr82t3qBqCrWG,83
926,spotify:track:6OiCBhX8lUQeNoAqipWsr0,44
927,spotify:track:4q8PHoRsPUB52LFylX8Ulz,51
928,spotify:track:6x6cpNDnIpqtaNcXIcGkUs,59
929,spotify:track:1a5Yu5L18qNxVhXx38njON,61
930,spotify:track:58K5nAWRgdHtdUdrQaScGv,22
931,spotify:track:7GncL3nyKUjsEm8Z5gvTpW,80
932,spotify:track:3ZOEytgrvLwQaqXreDs2Jx,81
933,spotify:track:55OdqrG8WLmsYyY1jijD9b,75
934,spotify:track:2Wr970IfovsSGnfkE08iMF,61
935,spotify:track:1jNOi6m3Hn8nLEeHCp5Msr,60
936,spotify:track:2C0KFbb4v9CNWR5c9jWcKC,69
937,spotify:track:3t0J8vI9StQD8KIBkT2Cp5,70
938,spotify:track:2HzfRSfCogBSsgW2CckVA2,55
939,spotify:track:67CfbIKKTCKFqmQLJwUftX,61
940,spotify:track:2KklXplRtxMsBYo474Es0w,78
941,spotify:track:0vBUsN3rew8OjgowVwykOn,55
942,spotify:track:2eucFttlfFNX5fRD78JBdI,61
943,spotify:track:0mX14Kpe4VTYmkqRgGslT5,45
944,spotify:track:5pto2OxinIJ3Vb2H8FZqGV,48
945,spotify:track:3SGWp9fJCzgK0WcpcKSQdy,65
946,spotify:track:1rIKgCH4H52lrvDcz50hS8,81
947,spotify:track:6fZ3uERao8KUwL53TOOdLS,51
948,spotify:track:3WKBNbYx32xlJQ0puFCnAJ,74
949,spotify:track:0jzDEmL1YQSElsZMeWyBFy,49
950,spotify:track:6XOYVSmNDjKUNMXooU4s4z,75
951,spotify:track:4AEVXHznFXkJEtFamkYwlr,58
952,spotify:track:3H179O48ynsu9q8LOnFQZY,71
953,spotify:track:5QhTQuh6CAdyee44LINWCI,39
954,spotify:track:6pSYjx66rlqRmGGTHhnjCo,76
955,spotify:track:6JRJbyOIVV70SFzNCvH9xX,59
956,spotify:track:4ofJfEEpdRojamBiNRrc1P,43
957,spotify:track:4N1c5rmWOzRmB9SMacr5wB,80
958,spotify:track:3QiAAp20rPC3dcAtKtMaqQ,55
959,spotify:track:0o221VNm4azkzYYLtxDGgV,56
960,spotify:track:71GOBk9Dj0NEYNLzLCX4Sq,53
961,spotify:track:7MyNwJf70OmVkQey6UsPnV,48
962,spotify:track:6uJwPeBGb3swi85TSr9iIz,70
963,spotify:track:3zAUQH6We2RZ1LaDusCJbX,39
964,spotify:track:2nWeF8M4XwOdIEUK8q1kTj,28
965,spotify:track:4gavOCQdZ2g86gkvi17FM7,48
966,spotify:track:6hqIXyo6GxydAnoI8XeIrV,59
967,spotify:track:3C4FUqrrjuvWoHwsumWfIu,65
968,spotify:track:1T5YN3coSTm6uTfCC2WXVo,3
969,spotify:track:1Wrzhfa5bNlqvsnCztz190,64
970,spotify:track:5XOuCULoFqbByxEERraICQ,47
971,spotify:track:2uITqsPoCdIVABLbrTVevi,46
972,spotify:track:0PDwNx6GrHc5sRVy6Hc7GP,64
973,spotify:track:2W4yTO3qHdqyvbz2UxfIPh,60
974,spotify:track:2JzQJQyCBASBg6BmPUHR2l,55
975,spotify:track:5SE57ljOIUJ1ybL9U6CuBH,81
976,spotify:track:35GSwxl4LYtOATVIXqmAPA,62
977,spotify:track:2yvjjJrWzVzA2zg4VsoEmo,67
978,spotify:track:7D5yebasDybJ83PTpwQNfx,54
979,spotify:track:4eHbdreAnSOrDDsFfc4Fpm,75
980,spotify:track:3Lfiu5sZ4M4B6JaKMBc0FU,77
981,spotify:track:70lnL3QaSOIIyMa2X9aVRL,84
982,spotify:track:4lawFBY8FFw4dY4shoiCvC,50
983,spotify:track:2A17f6I4fh6GqYX0J8noGr,65
984,spotify:track:7HwKzQBybHSHqdLv25VdtU,56
985,spotify:track:0fioLzGM8ngbD1w6fMmm45,76
986,spotify:track:4r8hRPbidDIoDPphxi78aY,68
987,spotify:track:7LFLJWIQFHsaDw5FOltT5Z,31
988,spotify:track:0SGkqnVQo9KPytSri1H6cF,80
989,spotify:track:57MbOuT7s2ES3IW9KuZQzI,44
990,spotify:track:0o7glLPfZgns8ZF14Wlpf7,29
991,spotify:track:3HVr6jTVwBHBa2flM0eURR,34
992,spotify:track:3xcA9VhzezvHcZsoQLmRho,60
993,spotify:track:5Jod7wZMqUqoNOEXuuPAfs,59
994,spotify:track:4gbVRS8gloEluzf0GzDOFc,73
995,spotify:track:73oG1oAMc7uKza0DQsZVZO,54
996,spotify:track:2Za1AlJNvksouPPWbXpR2X,83
997,spotify:track:378iszndTZAR4dH8kwsLC6,67
998,spotify:track:132PHgHGX3zImcI6MkO0Fg,44
999,spotify:track:4FwwXRuwzJcpmfCR8ltO9b,64
1000,spotify:track:5ByAIlEEnxYdvpnezg7HTX,80
1001,spotify:track:2rizacJSyD9S1IQUxUxnsK,76
1002,spotify:track:4xgogDjS5rql6vVY5Okxhk,34
1003,spotify:track:6Za3190Sbw39BBC77WSS1C,92
1004,spotify:track:6DUdDIRgLqCGq1DwkNWQTN,78
1005,spotify:track:47ku2WULKpUQEW9dT6IODI,52
1006,spotify:track:6eAMa0e7WCbjM7ivbAhvkq,45
1007,spotify:track:4RuvPSCJ7xvRVOxiFBUt9B,0
1008,spotify:track:1sWiWerHnR6J4LNdFxdywM,52
1009,spotify:track:08WPvDEsHvTFuB9w8tC2OS,63
1010,spotify:track:1yxgsra98r3qAtxqiGZPiX,87
1011,spotify:track:7M62jxrvr7UJdo6DchAFf3,54
1012,spotify:track:6De0lHrwBfPfrhorm9q1Xl,89
1013,spotify:track:4HwFQVCmXg7nXahGMqVqT9,43
1014,spotify:track:3S0OXQeoh0w6AY8WQVckRW,68
1015,spotify:track:4dQJPEwClxfhDIyReAxxnk,45
1016,spotify:track:33VNLJpKEeCfSnHMq8ZX8o,24
1017,spotify:track:2ENexcMEMsYk0rVJigVD3i,22
1018,spotify:track:7LQFqrhg2zchnDtYS3BqCG,26
1019,spotify:track:3VClLWqNn80Llv0PJOsKgr,85
1020,spotify:track:4FPrAERfkPKOBKrRoyuxLu,37
1021,spotify:track:1j7WkfrhD53T4NP0MbaF4H,50
1022,spotify:track:67DT75IlDJdrZ5ZsIzmMH3,41
1023,spotify:track:46eu3SBuFCXWsPT39Yg3tJ,74
1024,spotify:track:1KqvRRQd3lfM0pAlkGPrgD,69
1025,spotify:track:0eafUurZ4awQ3ZAIvHr608,34
1026,spotify:track:7sO5G9EABYOXQKNPNiE9NR,93
1027,spotify:track:7KXjTSCq5nL1LoYtL7XAwS,86
1028,spotify:track:4zIaXqKCXZs02eB6jEe5Mf,59
1029,spotify:track:3sdDgcU2XvO8EwkUsIe7VW,70
1030,spotify:track:4nDfc6F2uVcc6wdG7kBzWO,68
1031,spotify:track:5mv7w7lsmOAWhSMYPz7vSN,56
1032,spotify:track:1uKzAldJYlwje9HstlwTie,61
1033,spotify:track:0mel2N9Ws9r4yLQn5QE21Y,41
1034,spotify:track:6RUKPb4LETWmmr3iAEQktW,85
1035,spotify:track:7twLnN62kZTfE6QaIOpyuN,43
1036,spotify:track:650OeHTLxZAQmb4aEbGmaA,70
1037,spotify:track:6AUuRg513AfT50d52O60fS,66
1038,spotify:track:489nZybL79w209ELXWJyVK,40
1039,spotify:track:65B6PVBnY28EEAMSrIk6bk,40
1040,spotify:track:04KTF78FFg8sOHC1BADqbY,69
1041,spotify:track:6ZvHhCEzcmmyjlFVmPjb4a,55
1042,spotify:track:2HVlPD7l46qVItJl26XsLi,65
1043,spotify:track:10BpvV0IRrd7D0gtHrBTN2,53
1044,spotify:track:2EZQWlqxhPE2mfkGGt0M8i,43
1045,spotify:track:2zYzyRzz6pRmhPzyfMEC8s,83
1046,spotify:track:67FIk7Usu88yo4HW43l5p9,5
1047,spotify:track:4l7oWPw4zoKwv1esKfk9ln,4
1048,spotify:track:2dCmGcEOQrMQhMMS8Vj7Ca,64
1049,spotify:track:7mJ2RZgc9MDpiQBijvPYFX,60
1050,spotify:track:2uSm3nvujwcpDWOpT09eWb,49
1051,spotify:track:7jF8UOxrhG0CK2sYaHVCMx,31
1052,spotify:track:05CgKydlFJALNy4JTHeMgs,65
1053,spotify:track:553GNiNqcudWfsF55RBDqz,51
1054,spotify:track:7Glc4pW94gOMFJ4cdC5dg9,45
1055,spotify:track:1WC5UN1U79gJlxGLYDGIO7,26
1056,spotify:track:0JiVRyTJcJnmlwCZ854K4p,80
1057,spotify:track:0RTzJVkunbGwuRjXDFHnjf,70
1058,spotify:track:3zJw3rugfpVrmBeDDnUYzy,57
1059,spotify:track:2fgk04HR0nlgNysfX7fKF0,63
1060,spotify:track:04qqfjPWDqrg9q3HTToCfZ,55
1061,spotify:track:6gBFPUFcJLzWGx4lenP6h2,88
1062,spotify:track:3EmmCZoqpWOTY1g2GBwJoR,78
1063,spotify:track:4OZEu0Vwq0RB2LAq14v99n,75
1064,spotify:track:20ZAJdsKB5IGbGj4ilRt2o,75
1065,spotify:track:0eio2xxlLcgMCSMPgJseeI,6
1066,spotify:track:3GPI7hYiqD6enLRobhkBm8,29
1067,spotify:track:2dfqS3MRtbLZSZA1IL8xY5,61
1068,spotify:track:5gIRPQWULwrvIt0F6pY7ph,69
1069,spotify:track:0ZciUwSSqAqYzWBPUBK9Su,64
1070,spotify:track:0WCEaydwN65cvwaW8aqptF,69
1071,spotify:track:1n4jwRVXdkK2U34nBDUKKT,66
1072,spotify:track:7EI6Iki24tBHAMxtb4xQN2,88
1073,spotify:track:1HrMWH5GUdK6Yi94rbANJA,80
1074,spotify:track:4Hf7WnR761jpxPr5D46Bcd,5
1075,spotify:track:6cAKeFFYW2aClZSUyvqAEW,71
1076,spotify:track:2OYXpaYf86alQxLNsv8zYD,55
1077,spotify:track:6Tb6jpTsEMuBnxYo2HuSiK,46
1078,spotify:track:2CvOqDpQIMw69cCzWqr5yr,76
1079,spotify:track:7aW0z1jKq6FgB7ffpbocg6,65
1080,spotify:track:1mDGDb2fUmUMdqV3tb8VKQ,18
1081,spotify:track:5humEOJehpAwMJEJmb0JJ2,44
1082,spotify:track:0k23rRi1B8ZHrKtzECGoyk,72
1083,spotify:track:6n3HGiq4v35D6eFOSwqYuo,78
1084,spotify:track:1NRpTRaS4H5TAaFllvHncI,12
1085,spotify:track:6mEq3wNJtQaGoXQmSTt7wb,54
1086,spotify:track:5reuAuw0krOWkDz2C5ayPX,43
1087,spotify:track:3nXUfNbkv8ikaSdHwEp0oY,70
1088,spotify:track:3OG5wVO27N3HtdtxPLpPFt,60
1089,spotify:track:4ebyxcj1PnmLXRFFpWegGY,49
1090,spotify:track:2LEF1A8DOZ9wRYikWgVlZ8,71
1091,spotify:track:3B3C8mLLcV6X2KfMoBAhRY,25
1092,spotify:track:2YMyVYNLmFDD0KGtNkkgFa,72
1093,spotify:track:4HeTbgW1dDHxE8LrNL5HDP,59
1094,spotify:track:5LkQpbBFgoyQm1jGlznT7p,58
1095,spotify:track:2sUjqzc8jIKYrM4rw86uyx,28
1096,spotify:track:2FRnf9qhLbvw8fu4IBXx78,57
1097,spotify:track:7vFv0yFGMJW3qVXbAd9BK9,76
1098,spotify:track:4ZJPwET9Jrgpkqi4Vo3Yg8,76
1099,spotify:track:5iGkUe025afEj6z66GHjWv,56
1100,spotify:track:43nTSCqFZJTaBSsWCLJfx3,39
1101,spotify:track:2FBUoWkIuQXwayw2RNo5l6,76
1102,spotify:track:7iypwu1yQ4GftHl3nbUgK6,52
1103,spotify:track:6rKnNLtB54F16xQH5aw29m,55
1104,spotify:track:2AnQ17eF2coAbBlLEbpHTo,0
1105,spotify:track:1I8tHoNBFTuoJAlh4hfVVE,79
1106,spotify:track:1wur1SW656paPv7EyTqWu4,20
1107,spotify:track:5OMwQFBcte0aWFJFqrr5oj,73
1108,spotify:track:7lGKEWMXVWWTt3X71Bv44I,75
1109,spotify:track:29X2SbrWVW3AKrM9wStY4j,48
1110,spotify:track:2GdIKPluDT6hT3xBxxKiUK,49
1111,spotify:track:5Gu0PDLN4YJeW75PpBSg9p,84
1112,spotify:track:5uHqjLxdyG2W3inN52gRMs,43
1113,spotify:track:0oWdtU4ius3XfFkEm0elVq,67
1114,spotify:track:4BV37FQ3MN4Jc3FIvWlI7w,0
1115,spotify:track:0PJTSLKwNI68rwHEJ054qd,35
1116,spotify:track:2twUPIYOTqVivev47pf7bU,72
1117,spotify:track:4qqArAiTPueDxIp7cf87h7,76
1118,spotify:track:1bhUWB0zJMIKr9yVPrkEuI,89
1119,spotify:track:72hHInYt31ahgKrITeJLLV,13
1120,spotify:track:04paQ37b9ea8jLFAPQrRMh,57
1121,spotify:track:33F4IHQ2JcXWSDXNA9b4tK,69
1122,spotify:track:79e8hwTrPAvAwYc3JFeK6a,53
1123,spotify:track:0fBSs3fRoh1yJcne77fdu9,71
1124,spotify:track:3bJk15J9lr1D5hQgR5XDUP,52
1125,spotify:track:3RiPr603aXAoi4GHyXx0uy,79
1126,spotify:track:6RrXd9Hph4hYR4bf3dbM6H,75
1127,spotify:track:7JxgBFTAELiO2EfkJcUXUR,47
1128,spotify:track:1XRTXNP8eLpWXfso8Q4dC5,71
1129,spotify:track:0zsAfJQ1ZEhEjvBlYl9wMk,11
1130,spotify:track:0jWYIVQ6q5ixWpdUYpcEeh,67
1131,spotify:track:6pwvH9LfroBLqd3dez9vBz,48
1132,spotify:track:3cNjgVBKTJ1SvKhunrCdVy,77
1133,spotify:track:5Y9fnynLlIvqtM710MHzfz,92
1134,spotify:track:2gbCG4Rt9984UZ7Tc0dIFd,38
1135,spotify:track:1iDPB2WNsGEWuKycQyDGn6,68
1136,spotify:track:39G2MOGHvRizM6wU6jC8H9,34
1137,spotify:track:7F1LWA9sIlTorHUo4amGqk,66
1138,spotify:track:0w5Bdu51Ka25Pf3hojsKHh,74
1139,spotify:track:4kpAz34vx3pPPGaKdD3j6Q,60
1140,spotify:track:3AsAuGTaDQzavZZThyYlop,75
1141,spotify:track:6IoKSUyNOOheJRjiuGb1ew,71
1142,spotify:track:0yhNApb5f23UkttdQekW3P,42
1143,spotify:track:4dASQiO1Eoo3RJvt74FtXB,82
1144,spotify:track:6swQNgqYQmtBlUT7VydnxU,45
1145,spotify:track:4N4OsaLguWcJTsgGCRxYVI,9
1146,spotify:track:7jHzO2EPJzt1JgHQ80aRu0,71
1147,spotify:track:5nCh1ndK8yigIS1HnygeDg,59
1148,spotify:track:4sJ7QiE3N0QEtkJuJvsUBi,35
1149,spotify:track:0o2xtLCzHseeiUMYMGFDcC,51
1150,spotify:track:5bcTCxgc7xVfSaMV3RuVke,83
1151,spotify:track:3en8r3KYECOz81PC3cymsx,8
1152,spotify:track:3QWjljChcOMkRDYSzF33Qr,73
1153,spotify:track:69uCmYNvkqnvIpyTKJXZ5P,58
1154,spotify:track:2UMMy3ZyQmw5fqnmeaVki8,63
1155,spotify:track:2cKovq3l6OJjhVVDbVKOsr,85
1156,spotify:track:5ojXuKXBYq0apcNucYSDXq,84
1157,spotify:track:7Hv89f7Dpm5Hce1XkBbjQZ,70
1158,spotify:track:3Vn9oCZbdI1EMO7jxdz2Rc,60
1159,spotify:track:6t2ubAB4iSYOuIpRAOGd4t,72
1160,spotify:track:2JCv3LADgWrOcJoOa0so6m,60
1161,spotify:track:71P1N0X76YtZMbBIGG47un,30
1162,spotify:track:0Zx8khUcEfCFK2AEoIhC92,77
1163,spotify:track:21FzLpLN7S1XFePNSZHEFt,27
1164,spotify:track:6BwWFv9GR66ibD9pZO2W5E,65
1165,spotify:track:4YDuN2wT9oCQDPvES6MwVv,47
1166,spotify:track:565mBVOWl57RxMQl2jvSML,60
1167,spotify:track:1COzxDAXL1Bjm48oabSs8S,58
1168,spotify:track:7jzpAD8q77nwEmSsqUeUjy,72
1169,spotify:track:7vGuf3Y35N4wmASOKLUVVU,91
1170,spotify:track:2KwojFDebQV4J2b0JMRR5Q,76
1171,spotify:track:3jP3coGrROR7kjiDlpoRph,69
1172,spotify:track:1WOmEg42Mgaz1nRimIMR9C,49
1173,spotify:track:2xpKG8IFa2OOVcHev7rPv6,44
1174,spotify:track:2ZhK2QEmcnyy4tgDT34bu5,53
1175,spotify:track:69uEpNyKIz9ZPKMjjrOFbl,0
1176,spotify:track:78pn8k7RogKo2oxl0DyX6d,45
1177,spotify:track:1tDM9ElAIOimEPBEnkXqe2,61
1178,spotify:track:09KlDlkOYuC5x6hOaM7vaP,9
1179,spotify:track:1pJQAHpD51J7GYaFrrFO9S,67
1180,spotify:track:6E39QsoWB7JjphPF9xCQSN,66
1181,spotify:track:3ZxYruWUtA4WNlWvO2gDPW,42
1182,spotify:track:5EzitieoPnjyKHAq0gfRMa,75
1183,spotify:track:4O4xuKdvJvl7HpFlYGwudS,58
1184,spotify:track:40RV7qJXN0CaiY6UPmH7Sp,53
1185,spotify:track:4JC8vnwP59u2WG6jbHCPOO,46
1186,spotify:track:5xey3cl8y5fWst3EKgPFk8,62
1187,spotify:track:3lPAHV0b53zgRRm9LBgnTY,0
1188,spotify:track:6nlXWOyoCPLXXWaklOyQcb,70
1189,spotify:track:1s7voXUxRTw98pmy1J8urv,5
1190,spotify:track:5FsTu7dr5CbzoHWOtesNwk,50
1191,spotify:track:0P6AWOA4LG1XOctzaVu5tt,83
1192,spotify:track:0ymkBsjtqVjwOJ6lDt54CS,28
1193,spotify:track:5N1itNLaYtifU8YVbg9SBQ,62
1194,spotify:track:11SiIkTI3NsJvQGRyGw980,64
1195,spotify:track:209gZgcfLq2aUuu51vOWBl,81
1196,spotify:track:1IgRQvTqj7BKjNWRzjFEE0,50
1197,spotify:track:569wwTXGm6Ujk1HeJjH6fj,56
1198,spotify:track:0J47tsoZf95YNsIHnNBo9p,58
1199,spotify:track:3gppA9cIA46C4nomcRq1NF,65
1200,spotify:track:6keKIzkXWdbwJWMBJQUwYl,45
1201,spotify:track:78rIJddV4X0HkNAInEcYde,63
1202,spotify:track:4GvhvCrqxhpyMBUzwdDC0T,60
1203,spotify:track:6JY1IdkZGeIcPegKxjSKeb,65
1204,spotify:track:6g4ZuCOfJyY48vCaxA4yRu,36
1205,spotify:track:6GeD5g9vZTz25Egf8kxoIY,65
1206,spotify:track:6adiI26XZ7hksnPrJdLpjU,51
1207,spotify:track:02UNF1uo5f0UNgc1qx5XGt,73
1208,spotify:track:0xbHp9AXvMKteyvGuyGzBM,62
1209,spotify:track:1HCw8XKtTgWWU3JlEUR0qQ,56
1210,spotify:track:4aWmUDTfIPGksMNLV2rQP2,82
1211,spotify:track:0s46bMreG8JY7LHE0lKqp1,54
1212,spotify:track:2qtU6xY8JccohVSOH1pOj8,33
1213,spotify:track:5ETXBavoEIZcPVIVjeMP1E,15
1214,spotify:track:11pNf8SA2U3PXzLca8BFt6,49
1215,spotify:track:39MsGu3FUJ5mofWxTvDL1A,52
1216,spotify:track:2pJZ1v8HezrAoZ0Fhzby92,79
1217,spotify:track:5DEp4UmhxN7OLnYQacWZhh,5
1218,spotify:track:6Pw3Gvw4wNMZfTYZa6IQal,79
1219,spotify:track:66y7x28jXOPrcmu3D5Zjh6,80
1220,spotify:track:2CJ6CRzuRQd46asE1ucuVD,60
1221,spotify:track:3v2d3qpgx5s7cwpMg71i3O,20
1222,spotify:track:5ltecSYLGsRr6BNTlwQkEu,51
1223,spotify:track:5OXo9FTWP1urs0BxC4QNSl,43
1224,spotify:track:2HL7EWAjEm5Bhpr1iWHA4C,68
1225,spotify:track:6jTEKtJvIoECSQMEZoLmjR,37
1226,spotify:track:06IYJV7Ed3FfpJurK7OIFG,66
1227,spotify:track:7fSGbZLhWlAiCC3HDPAULu,73
1228,spotify:track:11dFghVXANMlKmJXsNCbNl,63
1229,spotify:track:3HoTiqEEY2SmTeq1XGINo3,47
1230,spotify:track:54h8xHewdRPnYzmbEHBhOO,47
1231,spotify:track:7MXVkk9YMctZqd1Srtv4MB,81
1232,spotify:track:15pjLBdN42P2gyFefUt8DD,53
1233,spotify:track:1SBj3BmNJ5SNCoC0VtlR9Z,62
1234,spotify:track:5Oh3cW5gnEEKPsHb1WrVWm,64
1235,spotify:track:4gJzpOMYyOpVnbDXlT5aWL,76
1236,spotify:track:3mxWDt0eKXfl4C1e4oIP0J,79
1237,spotify:track:5UEvfBx5yQ14HALjI8jk3t,69
1238,spotify:track:0q75NwOoFiARAVp4EXU4Bs,84
1239,spotify:track:3LYMSookeZx26HJsohpobI,45
1240,spotify:track:5AEtlRudpgdT5FtNiuly6Y,88
1241,spotify:track:6rbeWjEavBHvX2kr6lSogS,77
1242,spotify:track:7qiZfU4dY1lWllzX7mPBI3,91
1243,spotify:track:3Sy8Q6qaFefag6e8MFN5aQ,56
1244,spotify:track:5c4tB0saSkNHX5CyDosuF7,14
1245,spotify:track:3cRQnpGJ2pJEjQxBIdbKZP,13
1246,spotify:track:3fFo6Fxhh5CYTJdONE4FP9,0
1247,spotify:track:0Qh38w01QRXK6KHIv0e3hb,82
1248,spotify:track:66TRwr5uJwPt15mfFkzhbi,70
1249,spotify:track:7of1slAJIWrXxP8ikAHxje,67
1250,spotify:track:6LM8MeuL0otvdufEVtaxCP,3
1251,spotify:track:0Zbbxnx4SGGHoIow4PpISP,87
1252,spotify:track:104buTcnP2AsxqB7U1FIZ4,75
1253,spotify:track:47Sfqrh6K17VYJEagJMlki,46
1254,spotify:track:2EVv4Vxu3HGPr32CQecgHx,68
1255,spotify:track:0n7kGBIfea9zdbXvYlqiGM,60
1256,spotify:track:4jOlOsjDEn35UIE9jbfnhc,31
1257,spotify:track:5wTM2Bm8phDwHAuOsfBwhU,46
1258,spotify:track:7zTx8ePYAmPFQuxP3xlXZn,64
1259,spotify:track:0bZXIae48CY5UZ6MKuNutR,43
1260,spotify:track:042x9bsUBWW2fJgJ6fUh61,55
1261,spotify:track:5HDPtsnyb3maFmPL8LLUTG,78
1262,spotify:track:2OYPmFpM4DrqzdZO9M8XFd,42
1263,spotify:track:7pYFPMeK0TnaTGdS6qOtEr,66
1264,spotify:track:1FTSo4v6BOZH9QxKc3MbVM,76
1265,spotify:track:0yJv0G7r1PZIl1CY5XhvkR,63
1266,spotify:track:6LEFk0KHRfahO5pOMJlbdV,77
1267,spotify:track:4ojwGTehgBRAg52jbFgzJg,70
1268,spotify:track:14oOKFGuXu8DqvOe1W8vao,18
1269,spotify:track:4z1O25cq9g2kuJemmUxc21,72
1270,spotify:track:6sWWT75s5WGeiY90WTmaSf,34
1271,spotify:track:0sZfuG1rArPovx9CdZ40vZ,65
1272,spotify:track:6AKPNSWJlVFN5YZkY0ZmaW,55
1273,spotify:track:5wjottmSzUv5TBn2fz5dhh,41
1274,spotify:track:6V1XbtfGGmfEkyBtTlapw1,0
1275,spotify:track:3n3giwxUIR5iCTH0r0DUWi,54
1276,spotify:track:3QKxz43voebR2NmdKxHQg0,63
1277,spotify:track:4OsZ1vrenrtSbqLJxOceKl,69
1278,spotify:track:3vOmmLuvEUgGaVuRsCs2QF,68
1279,spotify:track:3NgCzSW98SsqBdpYcnm4kv,75
1280,spotify:track:77KHmKnBmVGTjRCeMVXpWH,55
1281,spotify:track:5X6TnKT37TaSDkFm0598Uo,71
1282,spotify:track:5LBxMvApPk3HdsQdi6DT9L,5
1283,spotify:track:32DGGj6KlNuBr6WaqRxpxi,89
1284,spotify:track:3tvalAG6drBYzkoMMnw6og,30
1285,spotify:track:4iyH6JZBZjk3htdJdZ6r51,58
1286,spotify:track:0MIcPSq9n2z5H8TAfEstri,88
1287,spotify:track:1xVznNshNUZcvdhSwj7kAb,50
1288,spotify:track:2s76aKBWKShlwPC4xTtEEE,66
1289,spotify:track:2EEeOnHehOozLq4aS0n6SL,83
1290,spotify:track:66WPXyhXqMlkM1kZhyEXWK,36
1291,spotify:track:3GOjD8hwXOxbTF3apTqSqX,65
1292,spotify:track:0LtVx5vsq9nfpGsWgjUin6,65
1293,spotify:track:1vWT2IkRfgNC1wUT0cNAKx,31
1294,spotify:track:5Gd19NupVe5X8bAqxf9Iaz,38
1295,spotify:track:7bsnTsbiwOymZWjPF9v6Di,75
1296,spotify:track:044qU7kwVZaDwzWnRsmVVL,69
1297,spotify:track:3VZmChrnVW8JK6ano4gSED,70
1298,spotify:track:1RXw3Lly5fhnu15XtZT12F,41
1299,spotify:track:58IL315gMSTD37DOZPJ2hf,68
1300,spotify:track:4BfRDZLIiznSnwU7DdDL9N,62
1301,spotify:track:57Y51hxqMn2j3dosW75R6n,59
1302,spotify:track:1ipE3bBLWeLkIvxWUaxpSu,65
1303,spotify:track:1ophi6jCPs6FkGgUFYmhfQ,59
1304,spotify:track:1e1Tcs9pU5yGcXzJFwXViL,29
1305,spotify:track:77lGafvlU68CeHgB2pkHC9,27
1306,spotify:track:0zZ2YoqtzhDn6GYlUd4WPI,55
1307,spotify:track:6gpcs5eMhJwax4mIfKDYQk,80
1308,spotify:track:6bLopGnirdrilrpdVB6Um1,71
1309,spotify:track:2dUZGddtslNtR6cumLqM4Y,57
1310,spotify:track:4ffAqsKvY0qVJmNcU5rBTj,34
1311,spotify:track:62WcCjrcvRvRCixFFUPFbl,57
1312,spotify:track:6r46lnXFbE9fr2d3KNaGbe,77
1313,spotify:track:2HNBSacyB6jm04n9dX2Mse,61
1314,spotify:track:4KaIJ1FWXUoAAnOts1YWjD,66
1315,spotify:track:0A9wC1WP0tzt4TQTZdBirz,14
1316,spotify:track:4vkVvmjIiQibQ6zJnC1Q9z,58
1317,spotify:track:42CeaId2XNlxugDvyqHfDf,85
1318,spotify:track:4vb4mFvYsr2h6enhjJsq9Y,73
1319,spotify:track:5DCA1FOUDBURlRTNg4ganf,67
1320,spotify:track:0sSF2viFap4zeXfxUXXt6i,55
1321,spotify:track:6VHdcVbiKLYYOcMbIqBcuK,71
1322,spotify:track:2tLqh0Y49XoaM8fYz1VFR5,49
1323,spotify:track:5lYncaeq1TmmLvgVglKeq8,42
1324,spotify:track:2bBMODHVTXGwE2aZYfbgCt,66
1325,spotify:track:2JJu8J1kvXs2GbUpQVbZ47,48
1326,spotify:track:4vVb2D6RYL669h7tLYOKwx,77
1327,spotify:track:25V8NDi9if73rYvHwDKKw5,61
1328,spotify:track:2pq9pe4fR25v736ZXa8IRn,57
1329,spotify:track:4F7A0DXBrmUAkp32uenhZt,75
1330,spotify:track:4Ah7UObeoJ3dqi59OOueXW,43
1331,spotify:track:0S267WajQ4dxnaMNBqhAt3,36
1332,spotify:track:3bWAqKDWg6u1davspr5IkS,79
1333,spotify:track:3up1uPuvL5vkfJ6aOeSRtD,68
1334,spotify:track:7hDc8b7IXETo14hHIHdnhd,81
1335,spotify:track:6ukfmzdZiNhJMV3wzBgq3s,42
1336,spotify:track:167NczpNbRF7oWakJaY3Hh,74
1337,spotify:track:3xWwPvpAv1HbKFmTwf6uKR,63
1338,spotify:track:0wfbD5rAksdXUzRvMfM3x5,72
1339,spotify:track:4G0YpYB1Ullb5rgJeJoMcP,39
1340,spotify:track:1SJtlNRJDeYHioymcvsqev,81
1341,spotify:track:0iLwLI2t4G3bhnkWNSvxD0,20
1342,spotify:track:5CPqOpKSk0QcJ3dGdaWcRB,71
1343,spotify:track:3iK9QAubUYpznnsEHxJ3yd,11
1344,spotify:track:4jY6EZhYUmGb68XtApie9Q,39
1345,spotify:track:2h9L3U6h3jnfOpIAj8E86H,22
1346,spotify:track:6p8NuHm8uCGnn2Dtbtf7zE,84
1347,spotify:track:4xsTkKQlu5BY9cEKRbmKiI,45
1348,spotify:track:01uk7IzZyFNfQTDBXxx6NB,74
1349,spotify:track:6UjfByV1lDLW0SOVQA4NAi,77
1350,spotify:track:0pGdmGx8l6OkT3FGgudLUr,33
1351,spotify:track:5YncMl3WSmzvwkiIU2K8cl,60
1352,spotify:track:3UjJP4ludb74a29P5EHEIo,67
1353,spotify:track:2xRRSWrjBy8tFJaEHMAMQS,56
1354,spotify:track:1QzjtS7kXYGPUQF1lbcX1f,49
1355,spotify:track:1Qg9jWGDkKAGZXj5v2OG59,80
1356,spotify:track:1WpQu8U3quBeGnhpZn0r7N,48
1357,spotify:track:3kFfAvGOouKO1lSlngEO4x,46
1358,spotify:track:6KNkMAENBJ6iwbKgmBxWLX,55
1359,spotify:track:79cuOz3SPQTuFrp8WgftAu,84
1360,spotify:track:3dnOHn0A5q3ny1LLLnSAty,70
1361,spotify:track:2f9LSU0aBW04w6KL26DW8r,63
1362,spotify:track:2Ce5IyMlVRVvN997ZJjJJA,27
1363,spotify:track:07MNtfddtgCo6VrUm3O9dw,59
1364,spotify:track:0iyrGs4yXc2lWQCqCgCx0C,30
1365,spotify:track:5wIeuNURiubue1VTcglU57,59
1366,spotify:track:7vJny1xQhUbflJMQvTdd8A,43
1367,spotify:track:1XCpzvtHjANEBhS9a4xqQ2,56
1368,spotify:track:79ptYtWnpAnsQutzg2xSFk,61
1369,spotify:track:6jmngk8Fwup05JZ6kgXEGX,54
1370,spotify:track:0K7Dd9DP6fvOl0mrlX0aUa,65
1371,spotify:track:6r7dQe9qCH3ag5orO2WnJw,24
1372,spotify:track:0vbbhcA6okLzvsy6WSTlLg,54
1373,spotify:track:2hgzdQdnfWwtdpZbhZlV72,75
1374,spotify:track:2SR8QbdNfzA3SUv4rt33sJ,47
1375,spotify:track:4TZy1wLyHec06pwgFYDh1a,2
1376,spotify:track:7fVC5rR2j0flcMNSu7OaOg,8
1377,spotify:track:693iqPOQvhI7PobtR8CC8v,78
1378,spotify:track:5wtjBP0OuSh6pQRj2UxpGE,26
1379,spotify:track:4kicAOmyaRrrnqOwIUKdmV,27
1380,spotify:track:1922aFVxjdiTDfKTcYqvqg,32
1381,spotify:track:1hvpDAxZPKjKztOc72sv06,50
1382,spotify:track:0yKK9to5WLMT35x8dRU1W5,62
1383,spotify:track:4ef0bZuCoMw9rPXM83Edoj,38
1384,spotify:track:2yvfansgQjr3c8oQy2qVxY,39
1385,spotify:track:20uKv8uFihEw4GSzJZ4PtS,23
1386,spotify:track:3n3EFUkEX8irsrM8eDAyhj,57
1387,spotify:track:0L9lXMXddmoBbBUeF7A9An,65
1388,spotify:track:4izg6Hydc6XGErWW6nbdsV,19
1389,spotify:track:4OMeKnO7P2taRNhqx00Cio,35
1390,spotify:track:4fzyvSu73BhGvi96p2zwjL,56
1391,spotify:track:5vRdhAag1UuNsXd0IRIOkA,46
1392,spotify:track:3slazms3TpwswQBlwZ20hb,62
1393,spotify:track:7rfiXyFb5M9BqdkvKvVEiB,75
1394,spotify:track:0ffweDHrg4bZqdG4IfGYuo,73
1395,spotify:track:2r0ECFc7nWPdRosmgo84pl,53
1396,spotify:track:6xND6dCra3zfE46LH3UQVl,39
1397,spotify:track:4UqlViBXM2Aqn4yGHMmRGv,64
1398,spotify:track:5TXDeTFVRVY7Cvt0Dw4vWW,80
1399,spotify:track:1p9uW64G3nNcO9bow0OaCF,45
1400,spotify:track:6ItkmsAMKvcab9ikCN1TBW,42
1401,spotify:track:3A7qX2QjDlPnazUsRk5y0M,81
1402,spotify:track:0lJCqIx5BhZtf6QtYI2fbv,81
1403,spotify:track:1NPAfzVZZH4lVEXNVfCjsb,29
1404,spotify:track:1BssJgelMGDNOeIy7ZqgOW,70
1405,spotify:track:3bUWeXHgqfB3cnzMvApPVV,12
1406,spotify:track:5uu28fUesZMl89lf9CLrgN,75
1407,spotify:track:4pdPtRcBmOSQDlJ3Fk945m,81
1408,spotify:track:2do8RHXBj4CxG3n08KHBWZ,54
1409,spotify:track:2VJ8G0LeX2hu7RWc4suNhe,57
1410,spotify:track:0tXPhc8LvM4dPvoRwI66XQ,33
1411,spotify:track:4N1o0l5n8NFq2gQeWSHHcs,45
1412,spotify:track:7zja6rwquGA6vzLolzKrda,64
1413,spotify:track:4IM1V7mJvYJSrDQIJnQl5S,65
1414,spotify:track:3OhQfgzWYxOZ3tOOYpPvqP,37
1415,spotify:track:2QdvVCoyK0CVyy7VE45pxW,21
1416,spotify:track:5Tb85fFikL9fzEe7GNzoXi,43
1417,spotify:track:1Fv767CH5YFrjo6HwzHnpR,61
1418,spotify:track:2URkktg77zl1bNQVQAWgAp,56
1419,spotify:track:4ISve4LmIdHSZlSFCGX2aO,50
1420,spotify:track:4ricyQVd20UQde1jpXCSuJ,40
1421,spotify:track:5u5MvmVtitax9R1Mxh3reC,73
1422,spotify:track:3RJPa6DUTA3PNQCHuUN1tl,40
1423,spotify:track:6v3QCw4ca5cR4VkzpG0PHy,66
1424,spotify:track:63kgvYkyiyVAAomPuP2Ipt,57
1425,spotify:track:0RGUIOZtmOXTWOy5EjvQbP,80
1426,spotify:track:5qdaaB2RYHohGB1vglLuAf,7
1427,spotify:track:0R8P9KfGJCDULmlEoBagcO,73
1428,spotify:track:5hKjEpYrJIJs6uPl7zw6Y6,76
1429,spotify:track:4kflIGfjdZJW4ot2ioixTB,78
1430,spotify:track:1yQ8woSt5tJ7pGJyQGuc2q,57
1431,spotify:track:0fBxgiQe76HZFFqN2FUUpw,58
1432,spotify:track:6lInUeup6QClCosgJz8j4w,31
1433,spotify:track:6aRGTfmcxyKZ6pHJLpNe1c,63
1434,spotify:track:3DZef6EVqTZdhnAlCgUKzG,31
1435,spotify:track:4mpF85WbMQXxo9RKObQsv8,51
1436,spotify:track:2MHCiOohBZEQuLgDTPvSzF,76
1437,spotify:track:0nAHzduMgfhrWnZb32pf0U,14
1438,spotify:track:3ITEjanytmAGeNYsjFXqCV,19
1439,spotify:track:2cnKEkpVUSV4wnjQiTWfH6,42
1440,spotify:track:0chdEzeIcgfNYbWJBpgvzR,65
1441,spotify:track:5L56aF7d720ZaytO5UMEtb,8
1442,spotify:track:5QSYWruQQ7kBCHScI4xJ9g,70
1443,spotify:track:7jTKLKs3NDmDnJHan5M2A0,59
1444,spotify:track:0Nhu3zSYbEz32IYiobV75e,73
1445,spotify:track:6xtQ23d8GEXgcxyUKPtwc5,66
1446,spotify:track:6c6b3X8wAwVFWW59q9V17p,42
1447,spotify:track:6e6FF06I61sPC4XOFCDFRp,55
1448,spotify:track:4GEQd6D1NeNjpf0pbOgJSO,8
1449,spotify:track:5W9oqM9MkYU0DVBic748ZJ,73
1450,spotify:track:5ExsZq3AmQGxavPJOzf0M5,55
1451,spotify:track:3qVLeRdP9Z47KgQKDeG0Si,19
1452,spotify:track:09OojFvtrM9YRzRjnXqJjA,39
1453,spotify:track:11bD1JtSjlIgKgZG2134DZ,75
1454,spotify:track:5egqKwgK5r5rvGD1LrtR7J,67
1455,spotify:track:5GXAXm5YOmYT0kL5jHvYBt,71
1456,spotify:track:5CYqCvIaZF6fuWWlFgSjHj,21
1457,spotify:track:3823DOqLpaYkxDiBrjznTp,53
1458,spotify:track:78WVLOP9pN0G3gRLFy1rAa,69
1459,spotify:track:0XJMS3oV6rv69jZElWweA8,43
1460,spotify:track:1AkTW13ysu0AJrwuM6UY0I,71
1461,spotify:track:3lCHADWP8ohxnfBiUqAN3o,73
1462,spotify:track:1IYMNvqEMDwQyL60eT54uY,60
1463,spotify:track:5A7Wefnnwn570vA3SviWv5,31
1464,spotify:track:4xlrALxuaCf9yZBHJeTSG6,84
1465,spotify:track:4CWZOyb9YHIH06yfsvY6k1,66
1466,spotify:track:64OZv7nYfdkUYF1FVzZWsY,54
1467,spotify:track:23e6ly5nFanMQOk4cAwJj2,3
1468,spotify:track:5mMchLiMiVmZETS4sp0Yfk,58
1469,spotify:track:2TsHqHZ659xRvCt7y8uKzB,53
1470,spotify:track:4kbj5MwxO1bq9wjT5g9HaA,81
1471,spotify:track:6RIH13Hdnj4CWv6IqcgHoU,50
1472,spotify:track:1OAiWI2oPmglaOiv9fdioU,47
1473,spotify:track:5xhJmd0I15jFcEdqxfCzKk,70
1474,spotify:track:2mmivOje18ZuxkoRmNW3Ig,41
1475,spotify:track:4DTpngLjoHj5gFxEZFeD3J,85
1476,spotify:track:3BUQFs6aFWh7EFNmI8bfL7,69
1477,spotify:track:6XGhtRbAwwWKxgQCNwiUyg,25
1478,spotify:track:4sbVf9Le6JYtTWPdwcBamA,48
1479,spotify:track:0E8CA9JBoEs3tD0JQJUpQb,68
1480,spotify:track:7Lgpic8BsBJR4jFrr9abbz,68
1481,spotify:track:1dS71wzF2IvVBu2kU8GcD7,41
1482,spotify:track:15cSC6C9I5hgRcaqrbS1nM,32
1483,spotify:track:2kVHAQKVtczchKctctzbtK,78
1484,spotify:track:78caEl4OqEJtKkuF1q164K,66
1485,spotify:track:5xiBjjEVa0q9cg93Lc6jvI,33
1486,spotify:track:3NWdNMJXQm2u1X4BFge4Ag,66
1487,spotify:track:4WrS6vezaPwOafKJmHqMEU,18
1488,spotify:track:6KdptNk8Z8gPW2f10gKKAX,3
1489,spotify:track:6m8bgfRORTmgAAatOZ2kJ5,45
1490,spotify:track:7pstxLUhvsJC3M4TxHe2aI,76
1491,spotify:track:0FoQu6F6IsBvNovgPYn0xL,46
1492,spotify:track:5eZ6tAdawopZPw3Rmybpla,15
1493,spotify:track:4DTHZqu4QU3rkuxA5PWrK9,20
1494,spotify:track:0Szp49tpFasIjX04Mcsydp,75
1495,spotify:track:3noN1TxpjbjjmKqssghvg8,46
1496,spotify:track:4iKuG50iHNBaybQOo11yrN,77
1497,spotify:track:4giCxIFPZNQIP4bIZM4sqH,64
1498,spotify:track:5PUZLLiQzxBg6TijpzU3dH,50
1499,spotify:track:5ffwnb6hqsKZp8cG6q90OW,52
1500,spotify:track:2771LMNxwf62FTAdpJMQfM,86
1501,spotify:track:6D0b04NJIKfEMg040WioJQ,78
1502,spotify:track:727Ya71RqL4oMkSLly18sA,57
1503,spotify:track:2QD7DklEvkqncYacmhMukq,72
1504,spotify:track:1FgmP7AOTcn7MGYmImj0kn,68
1505,spotify:track:5yFSF6qQA1rcLsQRnBsZgb,88
1506,spotify:track:3TrNP4FXMSlARJ06YwtdKH,0
1507,spotify:track:0D8ZpOXVjapLXrjz5VfZSD,30
1508,spotify:track:1Ao6CJVxgoFnXUn4o0jBuz,49
1509,spotify:track:4tQoXujEKSRlUS42tXONw8,38
1510,spotify:track:4ZvS3wPyuNaiHefG9bJsBX,63
1511,spotify:track:51ChrwmUPDJvedPQnIU8Ls,83
1512,spotify:track:0Wyw4EtWEyZ2ZEj4qoTfhM,55
1513,spotify:track:60IkVf7UfQXmt5CwkpcX8a,58
1514,spotify:track:4bHsxqR3GMrXTxEPLuK5ue,77
1515,spotify:track:1kOq5WUS8KYID3pJXpnX7k,64
1516,spotify:track:1jMaB19DiVR8OihLSuYFOt,65
1517,spotify:track:3FteycP8CaXS1MhjcXekVT,63
1518,spotify:track:1eVRnmGhDPATPxz6kqWuCP,8
1519,spotify:track:5WqWhg1DI6aWGLHOG8XLZP,1
1520,spotify:track:0B0tYbVp7pDQAqKDhgMeaL,72
1521,spotify:track:1e1JKLEDKP7hEQzJfNAgPl,80
1522,spotify:track:0f0ZZmJr7UFq8D2OkTpDx0,48
1523,spotify:track:2mOtx6P21hecOcPoVuZbzF,16
1524,spotify:track:7KcGEssn7BnJdTgildK5y0,68
1525,spotify:track:5qII2n90lVdPDcgXEEVHNy,62
1526,spotify:track:5TTzhRSWQS4Yu8xTgAuq6D,57
1527,spotify:track:5WEqjIUHkwZ5h3DSE7F9bM,33
1528,spotify:track:6AHcj1Dmv7S2jYlqnIC0vN,26
1529,spotify:track:5hzBiEGCC6IUzIImitWJKy,54
1530,spotify:track:6LxbbZYulsV3tCZvKpJgSh,47
1531,spotify:track:1tS31Mkt0CPiLIQ3CIoaLg,17
1532,spotify:track:7rPLZ8Krm6CZIbraFUlnWZ,70
1533,spotify:track:6Tof6kPUc2a17GKaKz4IXz,12
1534,spotify:track:4g2j0YZdGB8x5vQjXmJsKN,64
1535,spotify:track:2byvjijA9QWZZRIrW4cIn9,27
1536,spotify:track:1uXbwHHfgsXcUKfSZw5ZJ0,77
1537,spotify:track:6dddpSJ2HmZY1yxBT3vGeW,37
1538,spotify:track:1XcNiBBAQlSUpxgzfXpeVv,30
1539,spotify:track:1sCxVKWImDZSZKvG0U9B23,77
1540,spotify:track:0gtSPYz0OHoF7k09Auq1uC,66
1541,spotify:track:1vxw6aYJls2oq3gW0DujAo,78
1542,spotify:track:7oolFzHipTMg2nL7shhdz2,76
1543,spotify:track:6TXglvsCOo7dQrEgRiIdO0,73
1544,spotify:track:0bZcstGSV52WWUR8WkrW5p,18
1545,spotify:track:3S2R0EVwBSAVMd5UMgKTL0,64
1546,spotify:track:716p41p4BQQuUMgOP8ucpF,59
1547,spotify:track:2n6DFLtQGsiX9j8mCQQIK3,41
1548,spotify:track:2F4x7TRtf5K3LNSpEuKGhY,57
1549,spotify:track:6grsbjkrl7DN6waueAmNbm,64
1550,spotify:track:16CKvTXo5dPW2eN0Gt2UFX,17
1551,spotify:track:7hCcLbNDCVPNqAwuoutJ31,66
1552,spotify:track:7KwZNVEaqikRSBSpyhXK2j,79
1553,spotify:track:52RSmC7Hc3L01jPSo2IUMg,41
1554,spotify:track:5RtOTz6tsa5ssYJ084BaLW,58
1555,spotify:track:2rb5MvYT7ZIxbKW5hfcHx8,82
1556,spotify:track:1GyUyUFe90GoumONdrvyrd,55
1557,spotify:track:7oAraczbemGSNWqnbkU87R,35
1558,spotify:track:0qs6VLNCReflbJv8IQ8PvD,51
1559,spotify:track:1Vw6ZJSBG4BL0C318rkh3J,2
1560,spotify:track:4M3xIXqnGGmiXkcNTi3HGw,42
1561,spotify:track:2hdhm6piUJnmKXmEmskXCg,75
1562,spotify:track:6OsS4AJQJwc0xejHuneWlo,36
1563,spotify:track:1K2509CPLcuYDyM7ModAt7,66
1564,spotify:track:5dIGOJ7BpzNKCgkKR4rbr8,15
1565,spotify:track:6u0oHknFYrnUd42A6rvFly,52
1566,spotify:track:0V9cosR5jWa4fr2koARmhD,74
1567,spotify:track:5qXFbBlIF1lI7uV6hozzXQ,45
1568,spotify:track:1uzEePGfgK8WxUvqXFcgQH,51
1569,spotify:track:4aKIs5t9TqP59btlCGPrgw,77
1570,spotify:track:6YH4GanBHEi4oRsqvKFMwv,32
1571,spotify:track:49UX2xgBCUfzMw8IGRwsHv,22
1572,spotify:track:74ABBu8osxqmuFOAKcWWpG,65
1573,spotify:track:2Ti0gegn3cXnlsulQDXObj,34
1574,spotify:track:21yRtB6B8EMounImAfHRCP,75
1575,spotify:track:7lOzUJzsELALh5FQsPKTEn,68
1576,spotify:track:59RR3auWejkJ6nk2jtHr6s,58
1577,spotify:track:5b2QnYcT9rQIkhRWt4HztQ,42
1578,spotify:track:4mcZYzoGwPRDdhWVlygiHf,54
1579,spotify:track:1DnSNqCQM3LUxqFuXt184Q,35
1580,spotify:track:2VeL5ezgFikYKtKkclSxVQ,49
1581,spotify:track:6HUnnBwYZqcED1eQztxMBN,79
1582,spotify:track:1Ft13La2daEGqz5yWJC7lx,87
1583,spotify:track:3vCeDhrInX8te6SoaqZbvu,65
1584,spotify:track:1D6nV9TPfMnWm7UdVsDVfI,20
1585,spotify:track:0bp5sVqEQEwT8wFm9A7j96,28
1586,spotify:track:6yL2kTsdVwYnGwPkKGtMd5,73
1587,spotify:track:4kDjbdtK07P7TILVe36p1k,6
1588,spotify:track:790MhTXPFrYkrqCKvpg4t1,83
1589,spotify:track:6P8G8IZX5UbRPkrpWYYnIi,56
1590,spotify:track:2q6tgiA9tpb6DMguABwCWE,32
1591,spotify:track:2MVYbvZFOEd015bQWRRO0r,47
